GenomicLocus,uniqID,rsID,chr,pos,p,start,end,nSNPs,nGWASSNPs,nIndSigSNPs,IndSigSNPs,nLeadSNPs,LeadSNPs
1,1:207692049:A:G,rs6656401,1,207692049,1.371e-29,207345819,207850539,157,137,5,rs6656401;rs4844579;rs2182911;rs12036785;rs11118328,1,rs6656401
2,2:127892810:C:T,rs6733839,2,127892810,2.367e-69,127789085,127895487,157,126,15,rs17014873;rs1060743;rs12989701;rs6431219;rs58682665;rs13025765;rs745717;rs6733839;rs10194375;rs72838215;rs4663099;rs35103166;rs7575209;rs13031703;rs730482,3,rs17014873;rs12989701;rs6733839
3,2:234068476:C:T,rs35349669,2,234068476,3.575e-11,233976511,234086724,153,127,4,rs7421448;rs10933431;rs35349669;rs6605277,2,rs7421448;rs35349669
4,6:41154650:C:T,rs9381040,6,41154650,1.546e-8,41031273,41164788,28,22,1,rs9381040,1,rs9381040
5,6:47432637:C:T,rs9381563,6,47432637,5.83e-14,47348061,47708879,197,154,6,rs9381563;rs6934355;rs9369686;rs7774615;rs9395288;rs10948374,1,rs9381563
6,7:100004446:C:T,rs1476679,7,100004446,9.925e-19,99570586,100190116,199,158,7,rs13246354;rs858502;rs35305377;rs1476679;rs2734897;rs2293479;rs866500,2,rs13246354;rs1476679
7,7:143099133:A:C,rs10808026,7,143099133,1.127e-14,143083661,143132183,50,41,9,rs35251323;rs12703524;rs7810606;rs11771145;rs10808026;rs73154208;rs62472729;rs7805776;rs9640386,3,rs35251323;rs10808026;rs9640386
8,8:27464929:A:G,rs4236673,8,27464929,1.065e-28,27187520,27522576,130,115,12,rs28834970;rs10109834;rs2741342;rs2741341;rs79145239;rs2269461;rs2565067;rs4236673;rs6983452;rs9331908;rs576748;rs485902,4,rs28834970;rs79145239;rs2565067;rs4236673
9,10:11720308:A:G,rs7920721,10,11720308,3.167e-11,11707563,11723257,11,9,1,rs7920721,1,rs7920721
10,11:47449072:A:G,rs12292911,11,47449072,3.304e-9,47377283,47883337,75,60,2,rs12292911;rs3740688,1,rs12292911
11,11:60021948:A:G,rs1582763,11,60021948,1.006e-18,59826677,60105199,459,378,8,rs1582763;rs549651;rs2583471;rs1786140;rs55661415;rs58936849;rs35905922;rs72924659,1,rs1582763
12,11:85867875:A:G,rs10792832,11,85867875,5.076e-36,85640038,85891661,286,237,13,rs72962020;rs7114401;rs7480193;rs7113976;rs10792832;rs598561;rs527162;rs17745409;rs580887;rs7938634;rs7129687;rs61904266;rs11603136,2,rs72962020;rs10792832
13,11:121435587:C:T,rs11218343,11,121435587,4.579e-17,121423552,121489805,47,43,4,rs11218343;rs9665907;rs3781837;rs3781838,1,rs11218343
14,14:53391680:A:G,rs17125924,14,53391680,1.344e-11,53294319,53439160,114,86,1,rs17125924,1,rs17125924
15,14:92938855:A:G,rs12590654,14,92938855,8.214e-12,92926952,92938855,50,44,3,rs12590654;rs12881735;rs8008388,1,rs12590654
16,15:51001534:G:T,rs59685680,15,51001534,9.166e-9,50716633,51060127,120,95,1,rs59685680,1,rs59685680
17,15:59045774:A:G,rs593742,15,59045774,2.782e-11,58873555,59132827,106,84,2,rs593742;rs447299,1,rs593742
18,16:31122571:C:T,rs889555,16,31122571,4.106e-8,30916129,31155458,23,17,1,rs889555,1,rs889555
19,16:70694000:A:C,rs4985556,16,70694000,3.669e-8,70638035,70694991,4,4,1,rs4985556,1,rs4985556
20,16:81773209:A:G,rs12444183,16,81773209,3.153e-8,81773003,81773816,6,5,1,rs12444183,1,rs12444183
21,17:5137047:A:G,rs7225151,17,5137047,6.06e-12,4725695,5269183,291,244,4,rs7225151;rs34461890;rs73976310;rs78015303,1,rs7225151
22,17:61538148:A:G,rs138190086,17,61538148,1.947e-9,61001497,61559625,309,276,3,rs138190086;rs17687079;rs6504163,2,rs138190086;rs6504163
23,19:1043638:C:T,rs3752231,19,1043638,4.374e-13,1024106,1075877,77,69,9,rs3752231;rs111278892;rs3795065;rs4147904;rs3752229;rs4147910;rs12151021;rs4147920;rs4147929,3,rs3752231;rs4147920;rs4147929
24,19:45351516:C:G,rs41289512,19,45351516,6.7e-255,45020859,45958294,1069,859,148,rs80257887;rs142034848;rs75161053;rs56261258;rs73046410;rs1727760;rs846881;rs846876;rs118104581;rs143459034;rs203709;rs11670070;rs2289495;rs2965156;rs10422568;rs2965162;rs2919845;rs73035597;rs2965163;rs12150984;rs79638902;rs76670936;rs11881756;rs2965164;rs150820726;rs7254776;rs80307900;rs2927437;rs12459810;rs2965169;rs8100197;rs10401176;rs62117160;rs62117205;rs8103315;rs73037426;rs2889414;rs2967668;rs2927455;rs2927447;rs112450640;rs8113171;rs28399657;rs112262807;rs1466435;rs41290100;rs140824606;rs186110295;rs28399637;rs1135062;rs4803758;rs12974942;rs11666329;rs4803764;rs78986976;rs77241309;rs12978931;rs55840414;rs28399635;rs56394238;rs4802240;rs283814;rs111371860;rs112422902;rs283808;rs148601586;rs41289512;rs28399664;rs112380717;rs2927468;rs4803760;rs10407439;rs11668738;rs2972558;rs7249933;rs393584;rs375972689;rs117310449;rs41290108;rs11669338;rs11668327;rs405697;rs6859;rs406456;rs3852860;rs157580;rs76692773;rs760136;rs59325138;rs157595;rs8106813;rs1160984;rs8112526;rs34224078;rs141864196;rs449647;rs365653;rs150639620;rs41290120;rs138235833;rs7412;rs148933445;rs283813;rs769446;rs144311893;rs12721109;rs1081105;rs3925681;rs71352239;rs7254133;rs60049679;rs4263041;rs35336243;rs9304644;rs2376866;rs35194062;rs35194383;rs34874378;rs4803791;rs117612135;rs73558195;rs114248186;rs187270432;rs76856627;rs78620885;rs112481437;rs60239918;rs7251911;rs150685845;rs12461065;rs8100183;rs10421247;rs10416371;rs17643262;rs10408847;rs12463049;rs111243475;rs620807;rs595290;rs111435864;rs346758;rs73566293;rs12461144;rs10402739;rs138339429;rs62118504;rs11667829;rs8109532,45,rs80257887;rs75161053;rs73046410;rs118104581;rs203709;rs2919845;rs76670936;rs2965164;rs150820726;rs7254776;rs10401176;rs8103315;rs2967668;rs140824606;rs28399637;rs78986976;rs55840414;rs111371860;rs148601586;rs41289512;rs2927468;rs375972689;rs41290108;rs6859;rs157580;rs1160984;rs141864196;rs449647;rs7412;rs1081105;rs3925681;rs60049679;rs4263041;rs35336243;rs117612135;rs187270432;rs76856627;rs112481437;rs60239918;rs12461065;rs17643262;rs620807;rs346758;rs62118504;rs8109532
25,19:51728477:C:T,rs12459419,19,51728477,7.965e-9,51727962,51737991,9,6,1,rs12459419,1,rs12459419
26,20:54983075:C:T,rs6069736,20,54983075,1.995e-10,54979828,55025377,27,24,2,rs6069736;rs6024881,1,rs6069736
