SNP,dbsnp_gene,study,ref_seq,Major,Minor,MAF,AF
rs10131280,LOC102724977,dbGaP_PopFreq,G,G,A,0.05355518003379696,0.05355518003379696
rs10437655,SPI1,dbGaP_PopFreq,G,G,A,0.3519867549668874,0.3519867549668874
rs10498633,SLC24A4,dbGaP_PopFreq,G,G,T,0.20597855978077328,0.20597855978077328
rs1065712,CTSB,dbGaP_PopFreq,G,G,C,0.058920063525674964,0.058920063525674964
rs10792832,NA,dbGaP_PopFreq,A,G,A,0.2987866531850354,0.7012133468149646
rs10808026,EPHA1,dbGaP_PopFreq,C,C,A,0.19560614081524616,0.19560614081524616
rs10838725,CELF1,dbGaP_PopFreq,T,T,C,0.25849655902593965,0.25849655902593965
rs10933431,INPP5D,dbGaP_PopFreq,G,C,G,0.3065113816834304,0.6934886183165696
rs10947943,UNC5CL,dbGaP_PopFreq,G,G,A,0.12946459532561205,0.12946459532561205
rs10948363,CD2AP,dbGaP_PopFreq,A,A,G,0.2459626677852349,0.2459626677852349
rs10952097,ICA1,dbGaP_PopFreq,T,C,T,0.12276981774264384,0.8772301822573562
rs111278892,CNN2/ABCA7,dbGaP_PopFreq,C,C,G,0.143171344784248,0.143171344784248
rs11218343,SORL1,dbGaP_PopFreq,T,T,C,0.02727790896506799,0.02727790896506799
rs112403360,ANKH,dbGaP_PopFreq,T,T,A,0.07443091582848067,0.07443091582848067
rs11257238,LOC105376412/LOC105376413,dbGaP_PopFreq,T,T,C,0.32930836208312797,0.32930836208312797
rs113020870,AGRN,dbGaP_PopFreq,C,C,T,0.0034946564265106264,0.0034946564265106264
rs113260531,SCIMP/ZNF594-DT,dbGaP_PopFreq,G,G,A,0.13292747485442033,0.13292747485442033
rs113706587,RASGEF1C,dbGaP_PopFreq,G,G,A,0.10357004017105093,0.10357004017105093
rs1140239,DOC2A,dbGaP_PopFreq,C,C,T,0.3649248722052977,0.3649248722052977
rs114360492,CNTNAP2,dbGaP_PopFreq,C,C,T,0.011511789181692095,0.011511789181692095
rs114812713,OARD1,dbGaP_PopFreq,G,G,C,0.004183873071071507,0.004183873071071507
rs115186657,NA,dbGaP_PopFreq,A,A,C,0.0035071466384330335,0.0035071466384330335
rs1160871,JAZF1,dbGaP_PopFreq,TCTTTCTT,TCTTTCTT,TCTT,0.3179805615550756,0.3179805615550756
rs117618017,APH1B,dbGaP_PopFreq,C,C,T,0.11952079137542945,0.11952079137542945
rs11771145,EPHA1-AS1,dbGaP_PopFreq,G,G,A,0.35160497745801667,0.35160497745801667
rs11787077,CLU,dbGaP_PopFreq,T,C,T,0.4133841592545532,0.5866158407454468
rs12151021,ABCA7,dbGaP_PopFreq,A,G,A,0.3367257070163421,0.6632742929836579
rs12292911,PSMC3,dbGaP_PopFreq,G,G,A,0.37759915667413363,0.37759915667413363
rs12444183,NA,dbGaP_PopFreq,A,G,A,0.3935240700289735,0.6064759299710265
rs12446759,NA,dbGaP_PopFreq,G,A,G,0.43160897186568137,0.5683910281343186
rs12459419,CD33,dbGaP_PopFreq,C,C,T,0.26380294382697506,0.26380294382697506
rs12539172,NYAP1,dbGaP_PopFreq,T,C,T,0.2992194793634252,0.7007805206365748
rs12590654,SLC24A4,dbGaP_PopFreq,G,G,A,0.20183336061548535,0.20183336061548535
rs12592898,CTSH,dbGaP_PopFreq,A,G,A,0.14467972472207513,0.8553202752779249
rs12881735,SLC24A4,dbGaP_PopFreq,T,T,C,0.20984647961884595,0.20984647961884595
rs13237518,TMEM106B,dbGaP_PopFreq,C,C,A,0.2718285043069695,0.2718285043069695
rs1354106,CD33,dbGaP_PopFreq,T,T,G,0.34719303097345133,0.34719303097345133
rs1358782,RBCK1,dbGaP_PopFreq,A,G,A,0.23562557497700087,0.7643744250229991
rs138190086,NA,dbGaP_PopFreq,G,G,A,0.015457914240338804,0.015457914240338804
rs141749679,SORT1,dbGaP_PopFreq,T,T,C,0.002410254028700135,0.002410254028700135
rs143080277,NCK2,dbGaP_PopFreq,T,T,C,0.004012506513809275,0.004012506513809275
rs143332484,TREM2/LOC105375056,dbGaP_PopFreq,C,C,T,0.0096997193730383,0.0096997193730383
rs1476679,ZCWPW1,dbGaP_PopFreq,C,T,C,0.2789546422583715,0.7210453577416285
rs149080927,KLF16,dbGaP_PopFreq,CCCCC,CCCCC,CCCCCC,0.440658747300216,0.440658747300216
rs1532278,CLU,dbGaP_PopFreq,T,C,T,0.37414644311223677,0.6258535568877632
rs1582763,NA,dbGaP_PopFreq,G,G,A,0.3671928002769124,0.3671928002769124
rs16824536,MME,dbGaP_PopFreq,G,G,A,0.10705139930492043,0.10705139930492043
rs16941239,NA,dbGaP_PopFreq,T,T,A,0.055267337215457915,0.055267337215457915
rs17020490,PRKD3,dbGaP_PopFreq,T,T,C,0.15980951146818712,0.15980951146818712
rs17125924,FERMT2/LOC105370500,dbGaP_PopFreq,A,A,G,0.09355877616747182,0.09355877616747182
rs17125944,FERMT2,dbGaP_PopFreq,T,T,C,0.08903812824956672,0.08903812824956672
rs1761461,LILRA5,dbGaP_PopFreq,C,C,A,0.4690396426577331,0.4690396426577331
rs1800978,ABCA1,dbGaP_PopFreq,C,C,G,0.07574558974764654,0.07574558974764654
rs184384746,NA,dbGaP_PopFreq,C,C,T,0.0013763896241397566,0.0013763896241397566
rs1846190,NA,dbGaP_PopFreq,G,G,A,0.2727341772151899,0.2727341772151899
rs1859788,PILRA,dbGaP_PopFreq,A,G,A,0.31364583065490725,0.6863541693450927
rs187370608,LOC101929555,dbGaP_PopFreq,G,G,A,0.002011646373742721,0.002011646373742721
rs190982,MEF2C-AS1,dbGaP_PopFreq,G,A,G,0.37670934465166617,0.6232906553483338
rs199515,WNT3/LRRC37A2,dbGaP_PopFreq,G,C,G,0.17098994176813131,0.8290100582318687
rs2081545,NA,dbGaP_PopFreq,C,C,A,0.21413259837697138,0.21413259837697138
rs2093760,CR1,dbGaP_PopFreq,A,G,A,0.23705664372683954,0.7629433562731605
rs2154481,APP,dbGaP_PopFreq,C,C,T,0.4955864330429598,0.4955864330429598
rs2154482,APP,dbGaP_PopFreq,G,T,G,0.48801269735193387,0.5119873026480661
rs2242595,MYO15A/LOC105371567,dbGaP_PopFreq,G,G,A,0.1548194903256253,0.1548194903256253
rs2245466,RHOH,dbGaP_PopFreq,G,C,G,0.3966780654616512,0.6033219345383488
rs2452170,NA,dbGaP_PopFreq,G,G,A,0.4452518304859108,0.4452518304859108
rs2526377,MIR142/TSPOAP1-AS1,dbGaP_PopFreq,A,A,G,0.4642154766994442,0.4642154766994442
rs2632516,MIR142/TSPOAP1-AS1,dbGaP_PopFreq,G,G,C,0.3452783211808643,0.3452783211808643
rs2718058,NA,dbGaP_PopFreq,A,A,G,0.3547949429540549,0.3547949429540549
rs2830489,NA,dbGaP_PopFreq,C,C,T,0.13604772385034172,0.13604772385034172
rs2830500,NA,dbGaP_PopFreq,C,C,A,0.2415878456316119,0.2415878456316119
rs28394864,LOC102724596,dbGaP_PopFreq,G,G,A,0.41744479841810395,0.41744479841810395
rs28834970,PTK2B,dbGaP_PopFreq,T,T,C,0.31596057046979864,0.31596057046979864
rs34173062,SHARPIN/MAF1,dbGaP_PopFreq,G,G,A,0.06324769562659345,0.06324769562659345
rs35048651,WDR81,dbGaP_PopFreq,GAGGAGGAGGAG,GAGGAGGAGGAG,GAGGAGGAG,0.2048494983277592,0.2048494983277592
rs35349669,INPP5D,dbGaP_PopFreq,C,C,T,0.3828673835125448,0.3828673835125448
rs3740688,SPI1,dbGaP_PopFreq,G,G,T,0.4834110075454949,0.4834110075454949
rs3752231,ABCA7,dbGaP_PopFreq,C,C,T,0.25568678915135606,0.25568678915135606
rs3752246,ABCA7,dbGaP_PopFreq,G,C,G,0.15754550792718736,0.8424544920728126
rs3822030,IDUA/SLC26A1,dbGaP_PopFreq,G,T,G,0.44302265692583864,0.5569773430741614
rs3848143,SNX1,dbGaP_PopFreq,G,A,G,0.25367763937458454,0.7463223606254155
rs3851179,NA,dbGaP_PopFreq,T,C,T,0.3610517019717159,0.6389482980282841
rs3865444,CD33,dbGaP_PopFreq,C,C,A,0.3023239159236581,0.3023239159236581
rs3935067,EPHA1/EPHA1-AS1,dbGaP_PopFreq,G,G,C,0.2989941768131286,0.2989941768131286
rs41289512,NECTIN2,dbGaP_PopFreq,C,C,G,0.028321863419798834,0.028321863419798834
rs4147929,ABCA7,dbGaP_PopFreq,A,G,A,0.15742916378714578,0.8425708362128542
rs4236673,CLU,dbGaP_PopFreq,A,G,A,0.336228813559322,0.663771186440678
rs4277405,NA,dbGaP_PopFreq,C,T,C,0.37509325110657976,0.6249067488934202
rs429358,APOE,dbGaP_PopFreq,T,T,C,0.07441837441837441,0.07441837441837441
rs442495,ADAM10,dbGaP_PopFreq,T,T,C,0.4076230809952356,0.4076230809952356
rs4504245,NA,dbGaP_PopFreq,A,G,A,0.22624999999999995,0.77375
rs450674,MAF,dbGaP_PopFreq,T,T,C,0.33000493096646943,0.33000493096646943
rs4575098,B4GALT3/ADAMTS4,dbGaP_PopFreq,G,G,A,0.2298613881132828,0.2298613881132828
rs4663105,LOC105373605,dbGaP_PopFreq,A,A,C,0.4429796696315121,0.4429796696315121
rs4844610,CR1,dbGaP_PopFreq,A,C,A,0.171343592396224,0.828656407603776
rs4985556,IL34,dbGaP_PopFreq,C,C,A,0.10599406627667242,0.10599406627667242
rs5011436,TMEM106B,dbGaP_PopFreq,A,A,C,0.2723205602022953,0.2723205602022953
rs561655,NA,dbGaP_PopFreq,G,A,G,0.3487126847092529,0.6512873152907471
rs56407236,FAM157C/LOC105376786,dbGaP_PopFreq,G,G,A,0.06477732793522267,0.06477732793522267
rs5848,GRN/FAM171A2,dbGaP_PopFreq,C,C,T,0.30833129920058583,0.30833129920058583
rs587709,NA,dbGaP_PopFreq,C,T,C,0.35288512440444675,0.6471148755955533
rs593742,NA,dbGaP_PopFreq,A,A,G,0.30383963862224733,0.30383963862224733
rs59685680,SPPL2A,dbGaP_PopFreq,T,T,G,0.189960438420131,0.189960438420131
rs59735493,KAT8,dbGaP_PopFreq,G,G,A,0.18732347566040872,0.18732347566040872
rs6014724,CASS4,dbGaP_PopFreq,A,A,G,0.10372261641111001,0.10372261641111001
rs6024870,CASS4,dbGaP_PopFreq,G,G,A,0.058052825980904596,0.058052825980904596
rs602602,NA,dbGaP_PopFreq,T,T,A,0.2880889359449444,0.2880889359449444
rs6069736,NA,dbGaP_PopFreq,C,C,T,0.10407623080995236,0.10407623080995236
rs6069737,CASS4,dbGaP_PopFreq,C,C,T,0.08586553732133403,0.08586553732133403
rs60755019,LOC107986595,dbGaP_PopFreq,A,A,G,0.03541556379036527,0.03541556379036527
rs616338,ABI3,dbGaP_PopFreq,T,C,T,0.008465463546263319,0.9915345364537367
rs61732533,OPLAH,dbGaP_PopFreq,G,G,A,0.045972298159285586,0.045972298159285586
rs61762319,MME,dbGaP_PopFreq,A,A,G,0.02239215041385737,0.02239215041385737
rs62039712,MAF,dbGaP_PopFreq,G,G,A,0.04637969353140718,0.04637969353140718
rs62374257,NA,dbGaP_PopFreq,T,T,C,0.1991304347826087,0.1991304347826087
rs63750847,APP,dbGaP_PopFreq,C,C,T,1.6430647264810687e-4,1.6430647264810687e-4
rs6448453,NA,dbGaP_PopFreq,A,G,A,0.2682234586635194,0.7317765413364806
rs6489896,TPCN1,dbGaP_PopFreq,T,T,C,0.08676548438327157,0.08676548438327157
rs6504163,NA,dbGaP_PopFreq,C,T,C,0.33176283748014823,0.6682371625198518
rs6584063,BLNK,dbGaP_PopFreq,G,A,G,0.045156167284277404,0.9548438327157226
rs6586028,TSPAN14,dbGaP_PopFreq,C,T,C,0.18611924934674162,0.8138807506532584
rs6605556,NA,dbGaP_PopFreq,A,A,G,0.14833245103229223,0.14833245103229223
rs6656401,CR1,dbGaP_PopFreq,A,G,A,0.17943424530323593,0.8205657546967641
rs6733839,LOC105373605,dbGaP_PopFreq,C,C,T,0.3900671055963535,0.3900671055963535
rs6742,SLC2A4RG,dbGaP_PopFreq,T,C,T,0.2109117840684661,0.7890882159315339
rs679515,CR1,dbGaP_PopFreq,T,C,T,0.2432098765432099,0.7567901234567901
rs6846529,NA,dbGaP_PopFreq,C,T,C,0.2799452046015317,0.7200547953984683
rs6891966,HAVCR2,dbGaP_PopFreq,A,G,A,0.22572789835892004,0.77427210164108
rs6931277,NA,dbGaP_PopFreq,A,A,T,0.1497558058407256,0.1497558058407256
rs6943429,UMAD1,dbGaP_PopFreq,T,T,C,0.4956853156910686,0.4956853156910686
rs6966331,NA,dbGaP_PopFreq,T,C,T,0.4134050338174964,0.5865949661825036
rs7068231,NA,dbGaP_PopFreq,T,G,T,0.4169631469423374,0.5830368530576626
rs708382,FAM171A2,dbGaP_PopFreq,T,T,C,0.38766661068445885,0.38766661068445885
rs7146179,LOC105370500,dbGaP_PopFreq,A,G,A,0.1583595859585959,0.8416404140414041
rs7157106,LOC105378184,dbGaP_PopFreq,A,A,G,0.47810005839984426,0.47810005839984426
rs7185636,IQCK,dbGaP_PopFreq,T,T,C,0.1190522243713733,0.1190522243713733
rs7209200,NA,dbGaP_PopFreq,C,C,T,0.3193912186576152,0.3193912186576152
rs7225151,SCIMP/ZNF594-DT,dbGaP_PopFreq,G,G,A,0.12289112150931349,0.12289112150931349
rs7274581,CASS4,dbGaP_PopFreq,T,T,C,0.0944242034576368,0.0944242034576368
rs72777026,NA,dbGaP_PopFreq,A,A,G,0.06285291745092766,0.06285291745092766
rs72824905,PLCG2,dbGaP_PopFreq,C,C,G,0.007449651534471013,0.007449651534471013
rs73223431,PTK2B,dbGaP_PopFreq,C,C,T,0.19166285627190977,0.19166285627190977
rs7384878,PMS2P1/STAG3L5P/STAG3L5P-PVRIG2P-PILRB,dbGaP_PopFreq,C,T,C,0.2887771307570143,0.7112228692429857
rs7401792,SLC24A4,dbGaP_PopFreq,G,A,G,0.3958101108124057,0.6041898891875943
rs74685827,SORL1/LOC105369535,dbGaP_PopFreq,T,T,G,0.016466909848879625,0.016466909848879625
rs75932628,TREM2/LOC105375056,dbGaP_PopFreq,C,C,T,0.002317983133913197,0.002317983133913197
rs7597763,INPP5D,dbGaP_PopFreq,A,A,C,0.3827732926030984,0.3827732926030984
rs76320948,MEIOSIN,dbGaP_PopFreq,C,C,T,0.016706968564519673,0.016706968564519673
rs76726049,ALPK2,dbGaP_PopFreq,T,T,C,0.011412193850964043,0.011412193850964043
rs76928645,NA,dbGaP_PopFreq,C,C,T,0.10174695606140816,0.10174695606140816
rs7767350,CD2AP,dbGaP_PopFreq,C,C,T,0.24547379565907887,0.24547379565907887
rs7810606,EPHA1-AS1,dbGaP_PopFreq,T,T,C,0.3810124127230411,0.3810124127230411
rs785129,HS3ST5/HDAC2-AS2,dbGaP_PopFreq,T,C,T,0.3426321862485576,0.6573678137514424
rs7902657,NA,dbGaP_PopFreq,G,G,T,0.3787260106165782,0.3787260106165782
rs7908662,PLEKHA1,dbGaP_PopFreq,A,A,G,0.496929592376919,0.496929592376919
rs7912495,LOC105376412/LOC105376413,dbGaP_PopFreq,A,A,G,0.4457663166290044,0.4457663166290044
rs7920721,LOC105376412/LOC105376413,dbGaP_PopFreq,A,A,G,0.36511280730057066,0.36511280730057066
rs7933202,NA,dbGaP_PopFreq,A,A,C,0.319640021175225,0.319640021175225
rs8025980,SPPL2A,dbGaP_PopFreq,A,A,G,0.20274650290003413,0.20274650290003413
rs867611,PICALM,dbGaP_PopFreq,G,A,G,0.28470089994706194,0.7152991000529381
rs871269,TNIP1,dbGaP_PopFreq,C,C,T,0.3413739868776534,0.3413739868776534
rs889555,BCKDK,dbGaP_PopFreq,C,C,T,0.29226524274447596,0.29226524274447596
rs9271058,NA,dbGaP_PopFreq,A,T,A,0.26474082073434124,0.7352591792656588
rs9271192,NA,dbGaP_PopFreq,C,A,C,0.2709178559495967,0.7290821440504033
rs9304690,SIGLEC11,dbGaP_PopFreq,C,C,T,0.229004033307312,0.229004033307312
rs9331896,CLU/MIR6843,dbGaP_PopFreq,C,T,C,0.42127224729626156,0.5787277527037384
rs9369716,CD2AP,dbGaP_PopFreq,A,A,T,0.12852416570771003,0.12852416570771003
rs9381040,LOC107986595,dbGaP_PopFreq,C,C,T,0.29942470333704846,0.29942470333704846
rs9381563,NA,dbGaP_PopFreq,C,T,C,0.3976708200993566,0.6023291799006434
rs9473117,NA,dbGaP_PopFreq,A,A,C,0.2514028586553732,0.2514028586553732
rs983392,NA,dbGaP_PopFreq,A,A,G,0.3358390682901006,0.3358390682901006
