SNP	CHR	BP	A1	A2	OR	P	STUDY
rs113020870	1	985377	C	T	1.0540266051855671	3.83e-8	Wightman
rs141749679	1	109888432	T	C	1.38	7.5e-9	Bellenguez
rs4575098	1	161155392	G	A	1.016547043201291	1.89639605441e-10	Jansen
rs6656401	1	207692049	A	G	0.871012	1.371e-29	Marioni
rs679515	1	207750568	T	C	0.8849557522123894	7.2e-46	Bellenguez
rs2093760	1	207786828	A	G	0.9759541392717519	6.83562064326e-19	Jansen
rs4844610	1	207802552	A	C	0.8547008547008548	3.599999999999999e-24	Kunkle
rs72777026	2	9699011	A	G	1.06	2.7e-8	Bellenguez
rs17020490	2	37531939	T	C	1.06	3.3e-9	Bellenguez
rs115186657	2	106235428	A	C	1.0596156672840171	1.33e-8	Wightman
rs143080277	2	106366056	T	C	1.47	2.1e-13	Bellenguez
rs4663105	2	127891427	A	C	1.0218355688423868	3.9200000000000005e-58	Wightman
rs6733839	2	127892810	C	T	1.17	6.100000000000001e-118	Bellenguez
rs139643391	2	203743439	TC	T	0.94	1.1e-8	Bellenguez
rs10933431	2	233981912	G	C	1.075268817204301	3.6e-18	Bellenguez
rs35349669	2	234068476	C	T	1.0670523138173715	3.575e-11	Marioni
rs7597763	2	234082577	A	C	1.0088657494995	4.65e-9	Wightman
rs184384746	3	57226150	C	T	1.2219028265002123	1.237e-8	Jansen
rs16824536	3	154787511	G	A	0.92	3.6e-8	Bellenguez
rs61762319	3	154801978	A	G	1.16	2.2e-11	Bellenguez
rs3822030	4	987343	G	T	1.0526315789473684	8.3e-12	Bellenguez
rs4504245	4	11014822	A	G	0.9880071547220912	5.23e-12	Wightman
rs6846529	4	11025131	C	T	0.9345794392523364	2.2e-17	Bellenguez
rs6448453	4	11026028	A	G	0.9854029481408086	1.97618453137e-9	Jansen
rs2245466	4	40198846	G	C	0.9523809523809523	1.2e-9	Bellenguez
rs112403360	5	14724413	T	A	1.09	2.3e-9	Bellenguez
rs62374257	5	86223195	T	C	1.07	1.4e-15	Bellenguez
rs190982	5	88223420	G	A	1.075268817204301	3.2e-8	Lambert
rs871269	5	150432388	C	T	0.96	8.7e-9	Bellenguez
rs6891966	5	156526331	A	G	1.008103265935	7.91e-10	Wightman
rs113706587	5	179628150	G	A	1.09	2.2e-16	Bellenguez
rs9271058	6	32575406	T	A	1.1	1.4e-11	Kunkle
rs9271192	6	32578530	A	C	1.11	2.9e-12	Lambert
rs6605556	6	32583099	A	G	0.91	7.1e-20	Bellenguez
rs6931277	6	32583357	A	T	0.980847326799156	7.3548952621e-11	Jansen
rs1846190	6	32583813	G	A	0.9865620362637424	2.66e-14	Wightman
rs187370608	6	40942196	G	A	1.160017690079414	1.2599999999999999e-25	Wightman
rs10947943	6	41004093	G	A	0.94	1.1e-9	Bellenguez
rs114812713	6	41034000	G	C	1.32	2.1e-13	Kunkle
rs143332484	6	41129207	C	T	1.41	2.8e-25	Bellenguez
rs75932628	6	41129252	C	T	2.39	2.5e-37	Bellenguez
rs60755019	6	41149008	A	G	1.55	2.1e-8	Bellenguez
rs9381040	6	41154650	C	T	0.942329761855924	1.546e-8	Marioni
rs9473117	6	47431284	A	C	1.09	1.2e-10	Kunkle
rs9381563	6	47432637	C	T	0.9856524217467062	1.99407379087e-10	Jansen
rs7767350	6	47485126	C	T	1.08	7.900000000000001e-22	Bellenguez
rs10948363	6	47487762	A	G	1.1	5.2e-11	Lambert
rs9369716	6	47552180	A	T	1.010412565437362	1.7e-17	Wightman
rs785129	6	114612895	T	C	0.9615384615384615	2.4e-9	Bellenguez
rs6943429	7	7856894	T	C	0.9523809523809523	1e-10	Bellenguez
rs10952097	7	8244012	T	C	0.9345794392523364	6.8e-9	Bellenguez
rs5011436	7	12268758	A	C	0.9926599605337938	2.7e-9	Wightman
rs13237518	7	12269593	C	A	0.96	4.9e-11	Bellenguez
rs1160871	7	28168746	GTCTT	G	0.95	9.8e-9	Bellenguez
rs2718058	7	37841534	A	G	0.93	4.8e-9	Lambert
rs6966331	7	37883793	T	C	1.0416666666666667	4.6e-10	Bellenguez
rs76928645	7	54941328	C	T	0.93	1.6e-10	Bellenguez
rs7384878	7	99932049	C	T	1.0869565217391304	1.1e-26	Bellenguez
rs1859788	7	99971834	A	G	1.0185659807968037	1.8048118477199998e-15	Jansen
rs1476679	7	100004446	C	T	1.097351994581681	9.925e-19	Marioni
rs12539172	7	100091795	T	C	1.0869565217391304	9.3e-10	Kunkle
rs10808026	7	143099133	C	A	0.9106469481779949	1.127e-14	Marioni
rs3935067	7	143104331	G	C	1.0090297843670943	4.69e-11	Wightman
rs7810606	7	143108158	T	C	1.0146245774298757	2.89123983318e-11	Jansen
rs11771145	7	143110762	G	A	0.95	3.3e-14	Bellenguez
rs114360492	7	145950029	C	T	1.1958224440617191	2.0959999999999998e-09	Jansen
rs1065712	8	11702122	G	C	1.09	1.9e-9	Bellenguez
rs28834970	8	27195121	T	C	1.1	7.4e-14	Lambert
rs73223431	8	27219987	C	T	1.07	4e-22	Bellenguez
rs4236673	8	27464929	A	G	1.0203660474051472	1.4801200609000002e-19	Jansen
rs11787077	8	27465312	T	C	1.0989010989010988	1.6999999999999998e-44	Bellenguez
rs1532278	8	27466315	T	C	1.0126337906828533	1.57e-22	Wightman
rs9331896	8	27467686	C	T	1.1363636363636365	4.5999999999999995e-24	Kunkle
rs61732533	8	145108151	G	A	1.0153921466262783	3.14e-9	Wightman
rs34173062	8	145158607	G	A	1.13	1.7e-16	Bellenguez
rs1800978	9	107665978	C	G	1.06	1.6e-9	Bellenguez
rs11257238	10	11717397	T	C	1.0130275024809925	1.04208680137e-8	Jansen
rs7912495	10	11718713	A	G	1.06	9.7e-19	Bellenguez
rs7920721	10	11720308	A	G	1.06791	3.167e-11	Marioni
rs7902657	10	61738152	G	T	1.007383982404875	3.68e-8	Wightman
rs7068231	10	61784928	T	G	1.0526315789473684	3.3e-13	Bellenguez
rs6586028	10	82253984	C	T	1.075268817204301	2e-19	Bellenguez
rs6584063	10	98026407	G	A	1.1235955056179776	6.7e-11	Bellenguez
rs7908662	10	124172912	A	G	0.96	2.6e-9	Bellenguez
rs3740688	11	47380340	G	T	1.0086275130832252	8.78e-9	Wightman
rs10437655	11	47391948	G	A	1.06	5.3e-14	Bellenguez
rs12292911	11	47449072	G	A	1.058867562732107	3.304e-9	Marioni
rs10838725	11	47557871	T	C	1.08	1.1e-8	Lambert
rs983392	11	59923508	A	G	0.9	6.1e-16	Lambert
rs7933202	11	59936926	A	C	0.89	1.9e-19	Kunkle
rs2081545	11	59958380	C	A	0.9822886957569568	1.10698552532e-15	Jansen
rs1582763	11	60021948	G	A	0.91	3.7e-42	Bellenguez
rs867611	11	85776544	G	A	1.0206390142080062	1.48189212068e-18	Jansen
rs561655	11	85800279	G	A	1.01441468071574	1.2400000000000001e-26	Wightman
rs10792832	11	85867875	A	G	1.13145	5.0760000000000006e-36	Marioni
rs3851179	11	85868640	T	C	1.1111111111111112	3e-48	Bellenguez
rs74685827	11	121353077	T	G	1.19	2.8e-11	Bellenguez
rs11218343	11	121435587	T	C	0.84	1.4e-21	Bellenguez
rs6489896	12	113719788	T	C	1.08	1.8e-9	Bellenguez
rs7146179	14	53298853	A	G	0.9870123635476927	6.99e-11	Wightman
rs17125924	14	53391680	A	G	1.1	8.3e-16	Bellenguez
rs17125944	14	53400629	T	C	1.14	7.9e-9	Lambert
rs10498633	14	92926952	G	T	0.91	5.5e-9	Lambert
rs7401792	14	92931261	G	A	0.9615384615384615	4.8e-8	Bellenguez
rs12881735	14	92932828	T	C	0.92	7.4e-9	Kunkle
rs12590654	14	92938855	G	A	0.93	4.2e-21	Bellenguez
rs7157106	14	106228095	A	G	0.9523809523809523	2e-8	Bellenguez
rs10131280	14	107121607	G	A	0.94	4.3e-10	Bellenguez
rs8025980	15	50994011	A	G	0.96	1.3e-8	Bellenguez
rs59685680	15	51001534	T	G	0.933047	9.166e-9	Marioni
rs442495	15	59022615	T	C	0.9863725982769928	1.22123874443e-9	Jansen
rs593742	15	59045774	A	G	0.933047	2.782e-11	Marioni
rs602602	15	59057023	T	A	0.94	2.1e-15	Bellenguez
rs117618017	15	63569902	C	T	1.11	2.1999999999999997e-25	Bellenguez
rs3848143	15	64423506	G	A	0.9523809523809523	8.4e-11	Bellenguez
rs12592898	15	79229199	A	G	1.0638297872340425	4.2e-9	Bellenguez
rs7185636	16	19808163	T	C	0.92	2.4e-8	Kunkle
rs1140239	16	30021402	C	T	0.94	2.6e-13	Bellenguez
rs889555	16	31122571	C	T	0.95	2e-11	Bellenguez
rs59735493	16	31133100	G	A	0.9870987185683856	3.72815665997e-8	Jansen
rs4985556	16	70694000	C	A	1.07	6e-10	Bellenguez
rs62039712	16	79355857	G	A	1.16	3.7e-8	Kunkle
rs450674	16	79608408	T	C	0.96	3.2e-8	Bellenguez
rs12446759	16	81773003	G	A	1.0526315789473684	1.2e-13	Bellenguez
rs12444183	16	81773209	A	G	1.0558	3.153e-8	Marioni
rs72824905	16	81942028	C	G	0.74	8.5e-12	Bellenguez
rs16941239	16	86454210	T	A	1.13	1.3e-8	Bellenguez
rs56407236	16	90170095	G	A	1.11	6.5e-15	Bellenguez
rs35048651	17	1631341	TGAG	T	1.06	7.7e-11	Bellenguez
rs7209200	17	4969940	C	T	1.0078761176357205	3.18e-8	Wightman
rs7225151	17	5137047	G	A	1.08	4.1e-13	Bellenguez
rs113260531	17	5138980	G	A	1.0201868518404116	7.90535677698e-10	Jansen
rs2242595	17	18059454	G	A	0.94	1.1e-9	Bellenguez
rs5848	17	42430244	C	T	1.07	2.4e-20	Bellenguez
rs708382	17	42442344	T	C	1.0067635317367964	1.98e-9	Wightman
rs199515	17	44856641	G	C	1.0638297872340425	9.3e-13	Bellenguez
rs616338	17	47297297	T	C	0.7575757575757576	2.8e-14	Bellenguez
rs28394864	17	47450775	G	A	1.0086093194737589	4.9e-10	Wightman
rs2632516	17	56409089	G	C	0.9938221093916704	7.46e-10	Wightman
rs2526377	17	56410041	A	G	0.95	1.6e-12	Bellenguez
rs138190086	17	61538148	G	A	1.2540771958437242	1.947e-9	Marioni
rs6504163	17	61545779	C	T	1.0078506315891038	1.23e-9	Wightman
rs4277405	17	61548918	C	T	1.0638297872340425	8.8e-20	Bellenguez
rs76726049	18	56189459	T	C	1.0584406070880437	3.3774524251e-8	Jansen
rs111278892	19	1039323	C	G	1.0201111623359511	6.67175297904e-11	Jansen
rs3752231	19	1043638	C	T	1.0913331256735368	4.374e-13	Marioni
rs12151021	19	1050874	A	G	0.9090909090909091	1.6e-37	Bellenguez
rs3752246	19	1056492	G	C	0.8695652173913044	3.1e-16	Kunkle
rs4147929	19	1063443	A	G	0.8695652173913044	1.1e-15	Lambert
rs149080927	19	1854258	GC	G	1.05	5.1e-10	Bellenguez
rs41289512	19	45351516	C	G	1.229125747379676	1.45908825422e-278	Jansen
rs429358	19	45411941	T	C	3.32	0	Bellenguez
rs76320948	19	46241841	C	T	1.035550225519828	4.0780065849e-8	Jansen
rs2452170	19	49213504	G	A	1.0062282131106977	1.72e-8	Wightman
rs9304690	19	50453317	C	T	1.05	4.7e-9	Bellenguez
rs3865444	19	51727962	C	A	0.986337147363752	5.14947136504e-9	Jansen
rs12459419	19	51728477	C	T	0.9362244820588584	7.965e-9	Marioni
rs1354106	19	51737991	T	G	0.9890770239100464	2.21e-10	Wightman
rs587709	19	54771451	T	C	1.05	3.6e-11	Bellenguez
rs1761461	19	54825174	A	C	1.006379215781524	1.56e-9	Wightman
rs1358782	20	393978	A	G	1.0526315789473684	1.6e-8	Bellenguez
rs6069736	20	54983075	C	T	0.8945808450150142	1.9949999999999998e-10	Marioni
rs6069737	20	54995699	C	T	0.9814965512507896	6.73e-16	Wightman
rs6024870	20	54997568	G	A	0.88	3.5e-8	Kunkle
rs6014724	20	54998544	A	G	0.89	4.1e-21	Bellenguez
rs7274581	20	55018260	T	C	0.88	2.5e-8	Lambert
rs6742	20	62374441	T	C	1.0526315789473684	2.6e-9	Bellenguez
rs63750847	21	27269932	C	T	0.23	4.19e-5	Jonsson
rs2154481	21	27473875	C	T	1.0526315789473684	1e-12	Bellenguez
rs2154482	21	27520931	G	T	0.9932400409597634	7.66e-10	Wightman
rs2830489	21	28148191	C	T	0.95	1.7e-10	Bellenguez
rs2830500	21	28156856	C	A	0.93	2.6e-8	Kunkle
