SNP,CHR,BP,A1,A2,GENE,FRQ,OR,P,study
rs113020870,1,985377,C,T,AGRN,0.0041,1.0540266051855671,3.83e-8,Wightman
rs141749679,1,109888432,T,C,SORT1,0.004,1.38,7.5e-9,Bellenguez
rs4575098,1,161155392,G,A,ADAMTS4,0.228026,1.016547043201291,1.89639605441e-10,Jansen
rs6656401,1,207692049,G,A,CR1,0.197,1.18,5.699999999999999e-24,Lambert
rs6656401,1,207692049,A,G,NA,0.783563,0.871012,1.371e-29,Marioni
rs679515,1,207750568,T,C,CR1,0.82,0.9783099525675324,2.42e-25,Wightman
rs679515,1,207750568,C,T,CR1,0.188,1.13,7.2e-46,Bellenguez
rs2093760,1,207786828,G,A,CR1,0.191962,1.0246383101015288,6.83562064326e-19,Jansen
rs4844610,1,207802552,C,A,CR1,0.187,1.17,3.599999999999999e-24,Kunkle
rs72777026,2,9699011,A,G,ADAM17,0.144,1.06,2.7e-8,Bellenguez
rs17020490,2,37531939,T,C,PRKD3,0.145,1.06,3.3e-9,Bellenguez
rs115186657,2,106235428,A,C,NCK2,0.0035,1.0596156672840171,1.33e-8,Wightman
rs143080277,2,106366056,T,C,NCK2,0.005,1.47,2.1e-13,Bellenguez
rs4663105,2,127891427,A,C,BIN1,0.411349,1.031583564186504,1.44578833874e-44,Jansen
rs4663105,2,127891427,A,C,BIN1,0.41,1.0218355688423868,3.9200000000000005e-58,Wightman
rs6733839,2,127892810,C,T,BIN1,0.409,1.22,6.899999999999999e-44,Lambert
rs6733839,2,127892810,C,T,BIN1,0.407,1.2,2.0999999999999998e-44,Kunkle
rs6733839,2,127892810,C,T,NA,0.394804,1.1954228832734786,2.3669999999999996e-69,Marioni
rs6733839,2,127892810,C,T,BIN1,0.389,1.17,6.100000000000001e-118,Bellenguez
rs139643391,2,203743439,TC,T,WDR12,0.131,0.94,1.1e-8,Bellenguez
rs10933431,2,233981912,C,G,INPP5D,0.223,0.91,3.4e-9,Kunkle
rs10933431,2,233981912,C,G,INPPD5,0.244487,0.984681568587924,7.62164579408e-10,Jansen
rs10933431,2,233981912,C,G,INPP5D,0.234,0.93,3.6e-18,Bellenguez
rs35349669,2,234068476,C,T,INPP5D,0.488,1.08,3.2e-8,Lambert
rs35349669,2,234068476,C,T,NA,0.512418,1.0670523138173715,3.575e-11,Marioni
rs7597763,2,234082577,A,C,INPPD5,0.45,1.0088657494995,4.65e-9,Wightman
rs184384746,3,57226150,C,T,HESX1,0.00110872,1.2219028265002123,1.237e-8,Jansen
rs16824536,3,154787511,G,A,MME,0.054,0.92,3.6e-8,Bellenguez
rs61762319,3,154801978,A,G,MME,0.026,1.16,2.2e-11,Bellenguez
rs3822030,4,987343,T,G,IDUA,0.429,0.95,8.3e-12,Bellenguez
rs4504245,4,11014822,G,A,CLNK,0.20999999999999996,1.0121384194644645,5.23e-12,Wightman
rs6846529,4,11025131,T,C,CLNK,0.283,1.07,2.2e-17,Bellenguez
rs6448453,4,11026028,G,A,CLNK,0.262473,1.0148132821063018,1.97618453137e-9,Jansen
rs2245466,4,40198846,C,G,RHOH,0.343,1.05,1.2e-9,Bellenguez
rs112403360,5,14724413,T,A,ANKH,0.073,1.09,2.3e-9,Bellenguez
rs62374257,5,86223195,T,C,COX7C,0.23,1.07,1.4e-15,Bellenguez
rs190982,5,88223420,A,G,MEF2C,0.408,0.93,3.2e-8,Lambert
rs871269,5,150432388,C,T,TNIP1,0.32,0.9919513999056452,1.37e-9,Wightman
rs871269,5,150432388,C,T,TNIP1,0.326,0.96,8.7e-9,Bellenguez
rs6891966,5,156526331,G,A,HAVCR2,0.23,0.9919618691766816,7.91e-10,Wightman
rs113706587,5,179628150,G,A,RASGEF1C,0.11,1.09,2.2e-16,Bellenguez
rs9271058,6,32575406,T,A,HLA-DRB1,0.27,1.1,1.4e-11,Kunkle
rs9271192,6,32578530,A,C,HLA-DRB5â€“,0.276,1.11,2.9e-12,Lambert
rs6605556,6,32583099,A,G,HLA-DQA1,0.161,0.91,7.1e-20,Bellenguez
rs6931277,6,32583357,A,T,HLA-DRB1,0.156437,0.980847326799156,7.3548952621e-11,Jansen
rs1846190,6,32583813,G,A,HLA-DRB1,0.3,0.9865620362637424,2.66e-14,Wightman
rs187370608,6,40942196,G,A,TREM2,0.00172467,1.2627251159060653,1.451e-16,Jansen
rs187370608,6,40942196,G,A,TREM2,0.003,1.160017690079414,1.2599999999999999e-25,Wightman
rs10947943,6,41004093,G,A,UNC5CL,0.142,0.94,1.1e-9,Bellenguez
rs114812713,6,41034000,G,C,OARD1,0.03,1.32,2.1e-13,Kunkle
rs143332484,6,41129207,C,T,TREM2,0.013,1.41,2.8e-25,Bellenguez
rs75932628,6,41129252,C,T,TREM2,0.008,2.08,2.7e-15,Kunkle
rs75932628,6,41129252,C,T,TREM2,0.003,2.39,2.5e-37,Bellenguez
rs60755019,6,41149008,A,G,TREML2,0.004,1.55,2.1e-8,Bellenguez
rs9381040,6,41154650,C,T,NA,0.353016,0.942329761855924,1.546e-8,Marioni
rs9473117,6,47431284,A,C,CD2AP,0.28,1.09,1.2e-10,Kunkle
rs9381563,6,47432637,C,T,NA,0.656474,0.9276507166184828,5.83e-14,Marioni
rs9381563,6,47432637,T,C,CD2AP,0.355744,1.0145564277393728,1.99407379087e-10,Jansen
rs7767350,6,47485126,C,T,CD2AP,0.271,1.08,7.900000000000001e-22,Bellenguez
rs10948363,6,47487762,A,G,CD2AP,0.266,1.1,5.2e-11,Lambert
rs9369716,6,47552180,A,T,CD2AP,0.27,1.010412565437362,1.7e-17,Wightman
rs785129,6,114612895,C,T,HS3ST5,0.35,1.04,2.4e-9,Bellenguez
rs6943429,7,7856894,C,T,UMAD1,0.42,1.05,1e-10,Bellenguez
rs10952097,7,8244012,C,T,ICA1,0.114,1.07,6.8e-9,Bellenguez
rs5011436,7,12268758,A,C,TMEM106B,0.41,0.9926599605337938,2.7e-9,Wightman
rs13237518,7,12269593,C,A,TMEM106B,0.411,0.96,4.9e-11,Bellenguez
rs1160871,7,28168746,GTCTT,G,JAZF1,0.222,0.95,9.8e-9,Bellenguez
rs2718058,7,37841534,A,G,NME8,0.373,0.93,4.8e-9,Lambert
rs6966331,7,37883793,C,T,EPDR1,0.349,0.96,4.6e-10,Bellenguez
rs76928645,7,54941328,C,T,SEC61G,0.103,0.93,1.6e-10,Bellenguez
rs7384878,7,99932049,T,C,ZCWPW1/NYAP1,0.31000000000000005,0.9892311082190612,9.41e-16,Wightman
rs7384878,7,99932049,T,C,SPDYE3,0.31,0.92,1.1e-26,Bellenguez
rs1859788,7,99971834,G,A,ZCWPW1,0.32433,0.981772431882832,1.8048118477199998e-15,Jansen
rs1476679,7,100004446,T,C,ZCWPW1,0.287,0.91,5.6e-10,Lambert
rs1476679,7,100004446,C,T,NA,0.729872,1.097351994581681,9.925e-19,Marioni
rs12539172,7,100091795,C,T,NYAP1g,0.303,0.92,9.3e-10,Kunkle
rs10808026,7,143099133,C,A,EPHA1,0.199,0.9,1.3e-10,Kunkle
rs10808026,7,143099133,C,A,NA,0.204181,0.9106469481779949,1.127e-14,Marioni
rs3935067,7,143104331,G,C,EPHA1-AS1,0.38,1.0090297843670943,4.69e-11,Wightman
rs7810606,7,143108158,C,T,EPHA1,0.485387,0.9855862180404492,2.89123983318e-11,Jansen
rs11771145,7,143110762,G,A,EPHA1,0.338,0.9,1.1e-13,Lambert
rs11771145,7,143110762,G,A,EPHA1,0.348,0.95,3.3e-14,Bellenguez
rs114360492,7,145950029,C,T,CNTNAP2,0.00153988,1.1958224440617191,2.0959999999999998e-09,Jansen
rs1065712,8,11702122,G,C,CTSB,0.053,1.09,1.9e-9,Bellenguez
rs28834970,8,27195121,T,C,PTK2B,0.366,1.1,7.4e-14,Lambert
rs73223431,8,27219987,C,T,PTK2B,0.367,1.1,6.3e-14,Kunkle
rs73223431,8,27219987,C,T,PTK2B,0.369,1.07,4e-22,Bellenguez
rs4236673,8,27464929,A,G,NA,0.61071,1.11628,1.065e-28,Marioni
rs4236673,8,27464929,G,A,CLU/PTK2B,0.377826,0.9800404497416008,1.4801200609000002e-19,Jansen
rs11787077,8,27465312,C,T,CLU,0.392,0.91,1.6999999999999998e-44,Bellenguez
rs1532278,8,27466315,T,C,CLU,0.61,1.0126337906828533,1.57e-22,Wightman
rs9331896,8,27467686,T,C,CLU,0.379,0.86,2.8e-25,Lambert
rs9331896,8,27467686,T,C,CLU,0.387,0.88,4.5999999999999995e-24,Kunkle
rs61732533,8,145108151,G,A,SHARPIN,0.05000000000000004,1.0153921466262783,3.14e-9,Wightman
rs34173062,8,145158607,G,A,SHARPIN,0.081,1.13,1.7e-16,Bellenguez
rs1800978,9,107665978,C,G,ABCA1,0.13,1.06,1.6e-9,Bellenguez
rs11257238,10,11717397,T,C,ECHDC3,0.360964,1.0130275024809925,1.04208680137e-8,Jansen
rs7912495,10,11718713,A,G,USP6NL/ECHDC3,0.46,1.0087965331445357,7.68e-15,Wightman
rs7912495,10,11718713,A,G,USP6NL,0.462,1.06,9.7e-19,Bellenguez
rs7920721,10,11720308,A,G,ECHDC3,0.39,1.08,1.8e-11,Kunkle
rs7920721,10,11720308,A,G,NA,0.393236,1.06791,3.167e-11,Marioni
rs7902657,10,61738152,G,T,CCDC6,0.54,1.007383982404875,3.68e-8,Wightman
rs7068231,10,61784928,G,T,ANK3,0.403,0.95,3.3e-13,Bellenguez
rs6586028,10,82253984,T,C,TSPAN14,0.196,0.93,2e-19,Bellenguez
rs6584063,10,98026407,A,G,BLNK,0.043,0.89,6.7e-11,Bellenguez
rs7908662,10,124172912,A,G,PLEKHA1,0.467,0.96,2.6e-9,Bellenguez
rs3740688,11,47380340,T,G,SPI1h,0.448,0.92,5.4e-13,Kunkle
rs3740688,11,47380340,G,T,MADD/SPI1,0.54,1.0086275130832252,8.78e-9,Wightman
rs10437655,11,47391948,G,A,SPI1,0.399,1.06,5.3e-14,Bellenguez
rs12292911,11,47449072,G,A,NA,0.368736,1.058867562732107,3.304e-9,Marioni
rs10838725,11,47557871,T,C,CELF1,0.316,1.08,1.1e-8,Lambert
rs983392,11,59923508,A,G,MS4A6A,0.403,0.9,6.1e-16,Lambert
rs7933202,11,59936926,A,C,MS4A2,0.391,0.89,1.9e-19,Kunkle
rs2081545,11,59958380,C,A,MS4A6A,0.382122,0.9822886957569568,1.10698552532e-15,Jansen
rs1582763,11,60021948,G,A,NA,0.32763,0.916127254344654,1.0059999999999999e-18,Marioni
rs1582763,11,60021948,G,A,MS4A4A,0.38,0.98503656768169,3.4e-33,Wightman
rs1582763,11,60021948,G,A,MS4A4A,0.371,0.91,3.7e-42,Bellenguez
rs867611,11,85776544,A,G,PICALM,0.317416,0.9797783409014386,1.48189212068e-18,Jansen
rs561655,11,85800279,G,A,PICALM,0.65,1.01441468071574,1.2400000000000001e-26,Wightman
rs10792832,11,85867875,G,A,PICALM,0.358,0.87,9.3e-26,Lambert
rs10792832,11,85867875,A,G,NA,0.667275,1.13145,5.0760000000000006e-36,Marioni
rs3851179,11,85868640,C,T,PICALM,0.356,0.88,6e-25,Kunkle
rs3851179,11,85868640,C,T,EED,0.358,0.9,3e-48,Bellenguez
rs74685827,11,121353077,T,G,SORL1,0.019,1.19,2.8e-11,Bellenguez
rs11218343,11,121435587,T,C,SORL1,0.039,0.77,9.7e-15,Lambert
rs11218343,11,121435587,T,C,SORL1,0.04,0.8,2.9e-12,Kunkle
rs11218343,11,121435587,T,C,NA,0.0344953,0.808237,4.578999999999999e-17,Marioni
rs11218343,11,121435587,T,C,SORL1,0.0440715,0.9647113082912816,8.1152759981e-12,Jansen
rs11218343,11,121435587,T,C,SORL1,0.04000000000000003,0.9769644898915952,1.33e-13,Wightman
rs11218343,11,121435587,T,C,SORL1,0.039,0.84,1.4e-21,Bellenguez
rs6489896,12,113719788,T,C,TPCN1,0.076,1.08,1.8e-9,Bellenguez
rs7146179,14,53298853,G,A,FERMT2,0.11,1.0131585347174628,6.99e-11,Wightman
rs17125924,14,53391680,A,G,FERMT2,0.093,1.14,1.4e-9,Kunkle
rs17125924,14,53391680,A,G,NA,0.0994194,1.11672,1.344e-11,Marioni
rs17125924,14,53391680,A,G,FERMT2,0.089,1.1,8.3e-16,Bellenguez
rs17125944,14,53400629,T,C,FERMT2,0.092,1.14,7.9e-9,Lambert
rs10498633,14,92926952,G,T,SLC24A4-,0.217,0.91,5.5e-9,Lambert
rs7401792,14,92931261,A,G,SLC24A4,0.371,1.04,4.8e-8,Bellenguez
rs12881735,14,92932828,T,C,SLC24A4,0.221,0.92,7.4e-9,Kunkle
rs12590654,14,92938855,G,A,NA,0.347035,0.924779452156286,8.214e-12,Marioni
rs12590654,14,92938855,G,A,SLC24A4,0.33648,0.9852827619375728,1.32256769113e-10,Jansen
rs12590654,14,92938855,G,A,RIN3,0.32999999999999996,0.9885677393633908,6.63e-17,Wightman
rs12590654,14,92938855,G,A,SLC24A4,0.328,0.93,4.2e-21,Bellenguez
rs7157106,14,106228095,G,A,IGH_gene_cluster,0.36,1.05,2e-8,Bellenguez
rs10131280,14,107121607,G,A,IGH_gene_cluster,0.133,0.94,4.3e-10,Bellenguez
rs8025980,15,50994011,A,G,SPPL2A,0.345,0.96,1.3e-8,Bellenguez
rs59685680,15,51001534,T,G,NA,0.246999,0.933047,9.166e-9,Marioni
rs442495,15,59022615,T,C,ADAM10,0.354342,0.9863725982769928,1.22123874443e-9,Jansen
rs593742,15,59045774,A,G,ADAM10,0.295,0.93,6.8e-9,Kunkle
rs593742,15,59045774,A,G,NA,0.297965,0.933047,2.782e-11,Marioni
rs602602,15,59057023,T,A,ADAM10,0.30000000000000004,0.9905332482528328,6.22e-15,Wightman
rs602602,15,59057023,T,A,MINDY2,0.28,0.94,2.1e-15,Bellenguez
rs117618017,15,63569902,C,T,APH1B,0.124823,1.0181902019834816,3.43751317539e-8,Jansen
rs117618017,15,63569902,C,T,APH1B,0.13,1.014450424041212,7e-12,Wightman
rs117618017,15,63569902,C,T,APH1B,0.144,1.11,2.1999999999999997e-25,Bellenguez
rs3848143,15,64423506,A,G,SNX1,0.22,1.05,8.4e-11,Bellenguez
rs12592898,15,79229199,G,A,CTSH,0.133,0.94,4.2e-9,Bellenguez
rs7185636,16,19808163,T,C,IQCK,0.18,0.92,2.4e-8,Kunkle
rs1140239,16,30021402,C,T,DOC2A,0.379,0.94,2.6e-13,Bellenguez
rs889555,16,31122571,C,T,NA,0.322234,0.9426125031935608,4.106e-8,Marioni
rs889555,16,31122571,C,T,BCKDK,0.281,0.95,2e-11,Bellenguez
rs59735493,16,31133100,G,A,KAT8,0.298476,0.9870987185683856,3.72815665997e-8,Jansen
rs4985556,16,70694000,C,A,NA,0.087634600000000007,1.085564360837992,3.668999999999999e-8,Marioni
rs4985556,16,70694000,C,A,IL34,0.115,1.07,6e-10,Bellenguez
rs62039712,16,79355857,G,A,WWOX,0.116,1.16,3.7e-8,Kunkle
rs450674,16,79608408,T,C,MAF,0.373,0.96,3.2e-8,Bellenguez
rs12446759,16,81773003,A,G,PLCG2,0.403,0.95,1.2e-13,Bellenguez
rs12444183,16,81773209,A,G,NA,0.656545,1.0558,3.153e-8,Marioni
rs72824905,16,81942028,C,G,PLCG2,0.008,0.74,8.5e-12,Bellenguez
rs16941239,16,86454210,T,A,FOXF1,0.029,1.13,1.3e-8,Bellenguez
rs56407236,16,90170095,G,A,PRDM7,0.069,1.11,6.5e-15,Bellenguez
rs35048651,17,1631341,TGAG,T,WDR81,0.214,1.06,7.7e-11,Bellenguez
rs7209200,17,4969940,C,T,SCIMP/RABEP1,0.33,1.0078761176357205,3.18e-8,Wightman
rs7225151,17,5137047,G,A,NA,0.117604,1.103183399726256,6.06e-12,Marioni
rs7225151,17,5137047,G,A,SCIMP,0.124,1.08,4.1e-13,Bellenguez
rs113260531,17,5138980,G,A,SCIMP,0.126086,1.0201868518404116,7.90535677698e-10,Jansen
rs2242595,17,18059454,G,A,MYO15A,0.112,0.94,1.1e-9,Bellenguez
rs5848,17,42430244,C,T,GRN,0.289,1.07,2.4e-20,Bellenguez
rs708382,17,42442344,T,C,GRN,0.39,1.0067635317367964,1.98e-9,Wightman
rs199515,17,44856641,C,G,WNT3,0.219,0.94,9.3e-13,Bellenguez
rs616338,17,47297297,C,T,ABI3,0.012,1.32,2.8e-14,Bellenguez
rs28394864,17,47450775,G,A,ABI3,0.453265,1.0123774850221756,1.68452181191e-8,Jansen
rs28394864,17,47450775,G,A,ABI3,0.46,1.0086093194737589,4.9e-10,Wightman
rs2632516,17,56409089,G,C,TSPOAP1-AS1,0.46,0.9938221093916704,7.46e-10,Wightman
rs2526377,17,56410041,A,G,TSPOAP1,0.445,0.95,1.6e-12,Bellenguez
rs138190086,17,61538148,G,A,ACE,0.02,1.3,5.3e-9,Kunkle
rs138190086,17,61538148,G,A,NA,0.0168662,1.2540771958437242,1.947e-9,Marioni
rs6504163,17,61545779,T,C,ACE,0.39,0.9922105207428152,1.23e-9,Wightman
rs4277405,17,61548918,T,C,ACE,0.384,0.94,8.8e-20,Bellenguez
rs76726049,18,56189459,T,C,ALPK2,0.0111949,1.0584406070880437,3.3774524251e-8,Jansen
rs111278892,19,1039323,C,G,ABCA7,0.147136,1.0201111623359511,6.67175297904e-11,Jansen
rs3752231,19,1043638,C,T,NA,0.238936,1.0913331256735368,4.374e-13,Marioni
rs12151021,19,1050874,G,A,ABCA7,0.31999999999999995,1.0102941471342244,2.81e-15,Wightman
rs12151021,19,1050874,G,A,ABCA7,0.336,1.1,1.6e-37,Bellenguez
rs3752246,19,1056492,C,G,ABCA7,0.182,1.15,3.1e-16,Kunkle
rs4147929,19,1063443,G,A,ABCA7,0.19,1.15,1.1e-15,Lambert
rs149080927,19,1854258,GC,G,KLF16,0.48,1.05,5.1e-10,Bellenguez
rs41289512,19,45351516,C,G,NA,0.0299673,2.49578,6.699999999999997e-255,Marioni
rs41289512,19,45351516,C,G,APOE,0.0359409,1.229125747379676,1.45908825422e-278,Jansen
rs429358,19,45411941,T,C,APOE,0.216,3.32,0,Kunkle
rs429358,19,45411941,T,C,APOE,0.16000000000000003,2.2752363963459876,1e-300,Wightman
rs429358,19,45411941,T,C,APOE,0.216,3.32,0,Bellenguez
rs76320948,19,46241841,C,T,AC074212.3,0.0307669,1.035550225519828,4.0780065849e-8,Jansen
rs2452170,19,49213504,G,A,NTN5,0.53,1.0062282131106977,1.72e-8,Wightman
rs9304690,19,50453317,C,T,SIGLEC11,0.24,1.05,4.7e-9,Bellenguez
rs3865444,19,51727962,C,A,CD33,0.299276,0.986337147363752,5.14947136504e-9,Jansen
rs12459419,19,51728477,C,T,NA,0.336009,0.9362244820588584,7.965e-9,Marioni
rs1354106,19,51737991,T,G,CD33,0.37,0.9890770239100464,2.21e-10,Wightman
rs587709,19,54771451,T,C,LILRB2,0.325,1.05,3.6e-11,Bellenguez
rs1761461,19,54825174,A,C,LILRB2,0.49,1.006379215781524,1.56e-9,Wightman
rs1358782,20,393978,G,A,RBCK1,0.246,0.95,1.6e-8,Bellenguez
rs6069736,20,54983075,C,T,NA,0.088,0.8945808450150142,1.9949999999999998e-10,Marioni
rs6069737,20,54995699,C,T,CASS4,0.083,0.9814965512507896,6.73e-16,Wightman
rs6024870,20,54997568,G,A,CASS4,0.088,0.88,3.5e-8,Kunkle
rs6014724,20,54998544,A,G,CASS4,0.0950416,0.977365827356498,5.38105326432e-10,Jansen
rs6014724,20,54998544,A,G,CASS4,0.09,0.89,4.1e-21,Bellenguez
rs7274581,20,55018260,T,C,CASS4,0.083,0.88,2.5e-8,Lambert
rs6742,20,62374441,C,T,SLC2A4RG,0.221,0.95,2.6e-9,Bellenguez
rs63750847,21,27269932,C,T,APP,3e-4,0.23,4.19e-5,Jonsson
rs2154481,21,27473875,T,C,APP,0.476,0.95,1e-12,Bellenguez
rs2154482,21,27520931,G,T,APP,0.44,0.9932400409597634,7.66e-10,Wightman
rs2830489,21,28148191,C,T,ADAMTS1,0.281,0.95,1.7e-10,Bellenguez
rs2830500,21,28156856,C,A,ADAMTS1,0.308,0.93,2.6e-8,Kunkle
