SNP,CHR,BP,A1,A2,gnomad_minor,gnomad_af,gnomad_maf
rs113020870,1,985377,C,T,T,0.00231392,0.00231392
rs141749679,1,109888432,T,C,C,0.0029942,0.0029942
rs4575098,1,161155392,G,A,A,0.191792,0.191792
rs6656401,1,207692049,A,G,A,0.862182,0.137818
rs679515,1,207750568,T,C,T,0.862653,0.137347
rs2093760,1,207786828,A,G,A,0.73385,0.26615
rs4844610,1,207802552,A,C,A,0.862288,0.13771199999999995
rs72777026,2,9699011,A,G,G,0.189885,0.189885
rs17020490,2,37531939,T,C,C,0.182259,0.182259
rs115186657,2,106235428,A,C,C,0.00178355,0.00178355
rs143080277,2,106366056,T,C,C,0.00280416,0.00280416
rs4663105,2,127891427,A,C,C,0.462149,0.462149
rs6733839,2,127892810,C,T,T,0.395051,0.395051
rs139643391,2,203743439,TC,T,T,0.0908512,0.0908512
rs10933431,2,233981912,G,C,G,0.645682,0.354318
rs35349669,2,234068476,C,T,T,0.368391,0.368391
rs7597763,2,234082577,A,C,C,0.345228,0.345228
rs184384746,3,57226150,C,T,T,0.00105371,0.00105371
rs16824536,3,154787511,G,A,A,0.107111,0.107111
rs61762319,3,154801978,A,G,G,0.0172227,0.0172227
rs3822030,4,987343,G,T,T,0.472703,0.472703
rs4504245,4,11014822,A,G,A,0.836088,0.16391199999999995
rs6846529,4,11025131,C,T,C,0.711626,0.288374
rs6448453,4,11026028,A,G,A,0.790216,0.20978399999999997
rs2245466,4,40198846,G,C,G,0.691888,0.30811200000000005
rs112403360,5,14724413,T,A,A,0.079798,0.079798
rs62374257,5,86223195,T,C,C,0.176786,0.176786
rs190982,5,88223420,G,A,G,0.731869,0.268131
rs871269,5,150432388,C,T,T,0.365823,0.365823
rs6891966,5,156526331,A,G,A,0.788058,0.21194199999999996
rs113706587,5,179628150,G,A,A,0.0861354,0.0861354
rs9271058,6,32575406,T,A,NA,0.733237,0.266763
rs9271192,6,32578530,A,C,NA,0.734454,0.26554599999999995
rs6605556,6,32583099,A,G,G,0.139967,0.139967
rs6931277,6,32583357,A,T,T,0.139874,0.139874
rs1846190,6,32583813,G,A,A,0.268392,0.268392
rs187370608,6,40942196,G,A,A,0.00152925,0.00152925
rs10947943,6,41004093,G,A,A,0.11677,0.11677
rs114812713,6,41034000,G,C,C,0.0134928,0.0134928
rs143332484,6,41129207,C,T,T,0.00859818,0.00859818
rs75932628,6,41129252,C,T,T,0.00152857,0.00152857
rs60755019,6,41149008,A,G,G,0.0578283,0.0578283
rs9381040,6,41154650,C,T,T,0.292515,0.292515
rs9473117,6,47431284,A,C,C,0.232244,0.232244
rs9381563,6,47432637,C,T,C,0.583942,0.41605800000000004
rs7767350,6,47485126,C,T,T,0.224097,0.224097
rs10948363,6,47487762,A,G,G,0.224589,0.224589
rs9369716,6,47552180,A,T,T,0.219996,0.219996
rs785129,6,114612895,T,C,T,0.670335,0.329665
rs6943429,7,7856894,T,C,T,0.573761,0.42623900000000003
rs10952097,7,8244012,T,C,T,0.785313,0.21468699999999996
rs5011436,7,12268758,A,C,C,0.491712,0.491712
rs13237518,7,12269593,C,A,C,0.500383,0.499617
rs1160871,7,28168746,GTCTT,G,NA,0.4076,0.4076
rs2718058,7,37841534,A,G,G,0.389829,0.389829
rs6966331,7,37883793,T,C,T,0.538513,0.461487
rs76928645,7,54941328,C,T,T,0.0824716,0.0824716
rs7384878,7,99932049,C,T,C,0.719455,0.28054500000000004
rs1859788,7,99971834,A,G,A,0.719668,0.280332
rs1476679,7,100004446,C,T,C,0.774949,0.225051
rs12539172,7,100091795,T,C,T,0.750097,0.249903
rs10808026,7,143099133,C,A,A,0.186031,0.186031
rs3935067,7,143104331,G,C,C,0.251917,0.251917
rs7810606,7,143108158,T,C,C,0.423239,0.423239
rs11771145,7,143110762,G,A,A,0.419696,0.419696
rs114360492,7,145950029,C,T,T,0.0130925,0.0130925
rs1065712,8,11702122,G,C,C,0.0530979,0.0530979
rs28834970,8,27195121,T,C,C,0.311515,0.311515
rs73223431,8,27219987,C,T,T,0.311448,0.311448
rs4236673,8,27464929,A,G,A,0.700579,0.29942100000000005
rs11787077,8,27465312,T,C,T,0.573665,0.426335
rs1532278,8,27466315,T,C,T,0.680899,0.31910099999999997
rs9331896,8,27467686,C,T,C,0.569712,0.430288
rs61732533,8,145108151,G,A,A,0.0329443,0.0329443
rs34173062,8,145158607,G,A,A,0.0550397,0.0550397
rs1800978,9,107665978,C,G,G,0.097707,0.097707
rs11257238,10,11717397,T,C,C,0.301525,0.301525
rs7912495,10,11718713,A,G,G,0.427167,0.427167
rs7920721,10,11720308,A,G,G,0.319341,0.319341
rs7902657,10,61738152,G,T,G,0.50436,0.49563999999999997
rs7068231,10,61784928,T,G,T,0.616139,0.383861
rs6586028,10,82253984,C,T,C,0.845293,0.15470700000000004
rs6584063,10,98026407,G,A,G,0.955223,0.044776999999999956
rs7908662,10,124172912,A,G,G,0.497692,0.497692
rs3740688,11,47380340,G,T,G,0.604291,0.395709
rs10437655,11,47391948,G,A,A,0.35419,0.35419
rs12292911,11,47449072,G,A,A,0.314447,0.314447
rs10838725,11,47557871,T,C,C,0.224386,0.224386
rs983392,11,59923508,A,G,G,0.274674,0.274674
rs7933202,11,59936926,A,C,C,0.261969,0.261969
rs2081545,11,59958380,C,A,A,0.290974,0.290974
rs1582763,11,60021948,G,A,A,0.260865,0.260865
rs867611,11,85776544,G,A,G,0.730376,0.269624
rs561655,11,85800279,G,A,G,0.695311,0.304689
rs10792832,11,85867875,A,G,A,0.700249,0.299751
rs3851179,11,85868640,T,C,T,0.694928,0.305072
rs74685827,11,121353077,T,G,G,0.0176489,0.0176489
rs11218343,11,121435587,T,C,C,0.0645089,0.0645089
rs6489896,12,113719788,T,C,C,0.104956,0.104956
rs7146179,14,53298853,A,G,A,0.80352,0.19648
rs17125924,14,53391680,A,G,G,0.0951288,0.0951288
rs17125944,14,53400629,T,C,C,0.0938059,0.0938059
rs10498633,14,92926952,G,T,T,0.188314,0.188314
rs7401792,14,92931261,G,A,G,0.523893,0.47610699999999995
rs12881735,14,92932828,T,C,C,0.193773,0.193773
rs12590654,14,92938855,G,A,A,0.349176,0.349176
rs7157106,14,106228095,A,G,G,0.499359,0.499359
rs10131280,14,107121607,G,A,A,0.15636,0.15636
rs8025980,15,50994011,A,G,G,0.379069,0.379069
rs59685680,15,51001534,T,G,G,0.185865,0.185865
rs442495,15,59022615,T,C,C,0.487648,0.487648
rs593742,15,59045774,A,G,G,0.336907,0.336907
rs602602,15,59057023,T,A,A,0.30735,0.30735
rs117618017,15,63569902,C,T,T,0.0881826,0.0881826
rs3848143,15,64423506,G,A,G,0.742567,0.257433
rs12592898,15,79229199,A,G,A,0.8408,0.1592
rs7185636,16,19808163,T,C,C,0.347153,0.347153
rs1140239,16,30021402,C,T,T,0.329267,0.329267
rs889555,16,31122571,C,T,T,0.322264,0.322264
rs59735493,16,31133100,G,A,A,0.36075,0.36075
rs4985556,16,70694000,C,A,A,0.0770712,0.0770712
rs62039712,16,79355857,G,A,A,0.0780142,0.0780142
rs450674,16,79608408,T,C,C,0.309999,0.309999
rs12446759,16,81773003,G,A,G,0.530218,0.46978200000000003
rs12444183,16,81773209,A,G,A,0.539481,0.460519
rs72824905,16,81942028,C,G,G,0.00490727,0.00490727
rs16941239,16,86454210,T,A,A,0.0788885,0.0788885
rs56407236,16,90170095,G,A,A,0.0641614,0.0641614
rs35048651,17,1631341,TGAG,T,NA,0.190107,0.190107
rs7209200,17,4969940,C,T,T,0.331959,0.331959
rs7225151,17,5137047,G,A,A,0.153066,0.153066
rs113260531,17,5138980,G,A,A,0.147256,0.147256
rs2242595,17,18059454,G,A,A,0.16837,0.16837
rs5848,17,42430244,C,T,T,0.417906,0.417906
rs708382,17,42442344,T,C,C,0.408536,0.408536
rs199515,17,44856641,G,C,G,0.855204,0.14479600000000004
rs616338,17,47297297,T,C,T,0.993619,0.00638099999999997
rs28394864,17,47450775,G,A,A,0.407807,0.407807
rs2632516,17,56409089,G,C,G,0.510497,0.489503
rs2526377,17,56410041,A,G,A,0.500128,0.499872
rs138190086,17,61538148,G,A,A,0.012363,0.012363
rs6504163,17,61545779,C,T,C,0.699911,0.30008900000000005
rs4277405,17,61548918,C,T,C,0.637162,0.362838
rs76726049,18,56189459,T,C,C,0.00894847,0.00894847
rs111278892,19,1039323,C,G,G,0.121601,0.121601
rs3752231,19,1043638,C,T,T,0.27261,0.27261
rs12151021,19,1050874,A,G,A,0.652529,0.347471
rs3752246,19,1056492,G,C,G,0.864596,0.13540399999999997
rs4147929,19,1063443,A,G,A,0.865341,0.13465899999999997
rs41289512,19,45351516,C,G,G,0.0304528,0.0304528
rs429358,19,45411941,T,C,C,0.164436,0.164436
rs76320948,19,46241841,C,T,T,0.0280627,0.0280627
rs2452170,19,49213504,G,A,A,0.427309,0.427309
rs9304690,19,50453317,C,T,T,0.183059,0.183059
rs3865444,19,51727962,C,A,A,0.254387,0.254387
rs12459419,19,51728477,C,T,T,0.254789,0.254789
rs1354106,19,51737991,T,G,G,0.37844,0.37844
rs587709,19,54771451,T,C,C,0.375986,0.375986
rs1761461,19,54825174,A,C,A,0.591991,0.40800899999999996
rs1358782,20,393978,A,G,A,0.806968,0.19303199999999998
rs6069736,20,54983075,C,T,T,0.113146,0.113146
rs6069737,20,54995699,C,T,T,0.0741977,0.0741977
rs6024870,20,54997568,G,A,A,0.0743549,0.0743549
rs6014724,20,54998544,A,G,G,0.105208,0.105208
rs7274581,20,55018260,T,C,C,0.110399,0.110399
rs6742,20,62374441,T,C,T,0.768634,0.23136599999999996
rs63750847,21,27269932,C,T,T,7.64283e-4,7.64283e-4
rs2154481,21,27473875,C,T,T,0.392472,0.392472
rs2154482,21,27520931,G,T,G,0.524756,0.475244
rs2830489,21,28148191,C,T,T,0.209936,0.209936
rs2830500,21,28156856,C,A,A,0.234172,0.234172
