SNP,CHR,BP,A1,A2,GENE,LOCUS,FRQ,OR,L95,U95,P,BETA,SE,Z
rs141749679,1,109888432,T,C,SORT1,1,0.004,1.38,1.24,1.54,7.5e-9,0.3220834991691132,0.05457761201641211,5.901384968478633
rs679515,1,207750568,C,T,CR1,CR1,0.188,1.13,1.11,1.15,7.2e-46,0.12221763272424911,0.009111029285717479,13.414250892139973
rs72777026,2,9699011,A,G,ADAM17,2,0.144,1.06,1.04,1.08,2.7e-8,0.058268908123975824,0.009718466821782906,5.9956893605246755
rs17020490,2,37531939,T,C,PRKD3,3,0.145,1.06,1.04,1.08,3.3e-9,0.058268908123975824,0.009718466821782906,5.9956893605246755
rs143080277,2,106366056,T,C,NCK2,4,0.005,1.47,1.33,1.63,2.1e-13,0.3852624007906449,0.051062989059684906,7.544846235701781
rs6733839,2,127892810,C,T,BIN1,BIN1,0.389,1.17,1.16,1.19,6.1e-118,0.1570037488096647,0.004379461067036468,35.85001588241253
rs139643391,2,203743439,TC,T,WDR12,5,0.131,0.94,0.92,0.96,1.1e-8,-0.06187540371808753,0.010972553684165044,-5.639106948037314
rs10933431,2,233981912,C,G,INPP5D,INPP5D,0.234,0.93,0.92,0.95,3.6e-18,-0.07257069283483537,0.005515773522559,-13.156938467112182
rs16824536,3,154787511,G,A,MME,6,0.054,0.92,0.89,0.95,3.6e-8,-0.08338160893905101,0.01691439148821454,-4.929625106356851
rs61762319,3,154801978,A,G,MME,6,0.026,1.16,1.11,1.21,2.2e-11,0.14842000511827322,0.022479586629607327,6.602434802906597
rs3822030,4,987343,T,G,IDUA,7,0.429,0.95,0.94,0.96,8.3e-12,-0.05129329438755058,0.005399035372722934,-9.500455330723545
rs6846529,4,11025131,T,C,CLNK,CLNK/HS3ST1,0.283,1.07,1.05,1.08,2.2e-17,0.06765864847381486,0.009626777706317763,7.028171890726483
rs2245466,4,40198846,C,G,RHOH,8,0.343,1.05,1.03,1.06,1.2e-9,0.04879016416943205,0.009811919350963072,4.972540277213259
rs112403360,5,14724413,T,A,ANKH,9,0.073,1.09,1.06,1.12,2.3e-9,0.08617769624105241,0.014239177610753362,6.052154035635556
rs62374257,5,86223195,T,C,COX7C,10,0.23,1.07,1.05,1.09,1.4e-15,0.06765864847381486,0.009626777706317763,7.028171890726483
rs871269,5,150432388,C,T,TNIP1,11,0.326,0.96,0.95,0.97,8.7e-9,-0.040821994520255166,0.005342499932293578,-7.640991116069132
rs113706587,5,179628150,G,A,RASGEF1C,12,0.11,1.09,1.07,1.12,2.2e-16,0.08617769624105241,0.009448493758794668,9.120786703260308
rs6605556,6,32583099,A,G,HLA-DQA1,HLA,0.161,0.91,0.9,0.93,7.1e-20,-0.09431067947124129,0.005637671523767852,-16.72865811242053
rs10947943,6,41004093,G,A,UNC5CL,TREM2,0.142,0.94,0.93,0.96,1.1e-9,-0.06187540371808753,0.005456780161606043,-11.339178395612024
rs143332484,6,41129207,C,T,TREM2,TREM2,0.013,1.41,1.32,1.5,2.8e-25,0.34358970439007686,0.03365202438357005,10.210075342683629
rs75932628,6,41129252,C,T,TREM2,TREM2,0.003,2.39,2.09,2.73,2.5e-37,0.8712933659434193,0.06843331630954069,12.732005592164283
rs60755019,6,41149008,A,G,TREML2,TREM2,0.004,1.55,1.33,1.8,2.1e-8,0.4382549309311553,0.07809999423341471,5.611459197056509
rs7767350,6,47485126,C,T,CD2AP,CD2AP,0.271,1.08,1.06,1.09,7.9e-22,0.0769610411361284,0.009536802557220699,8.069899809119784
rs785129,6,114612895,C,T,HS3ST5,13,0.35,1.04,1.03,1.06,2.4e-9,0.03922071315328133,0.004929546383539235,7.956251975688335
rs6943429,7,7856894,C,T,UMAD1,14,0.42,1.05,1.03,1.06,1e-10,0.04879016416943205,0.009811919350963072,4.972540277213259
rs10952097,7,8244012,C,T,ICA1,15,0.114,1.07,1.05,1.1,6.8e-9,0.06765864847381486,0.009626777706317763,7.028171890726483
rs13237518,7,12269593,C,A,TMEM106B,16,0.411,0.96,0.94,0.97,4.9e-11,-0.040821994520255166,0.010741535305016512,-3.8003873153207883
rs1160871,7,28168746,GTCTT,G,JAZF1,17,0.222,0.95,0.93,0.97,9.8e-9,-0.05129329438755058,0.010855815534328978,-4.7249600203087025
rs6966331,7,37883793,C,T,EPDR1,NME8,0.349,0.96,0.94,0.97,4.6e-10,-0.040821994520255166,0.010741535305016512,-3.8003873153207883
rs76928645,7,54941328,C,T,SEC61G,18,0.103,0.93,0.91,0.95,1.6e-10,-0.07257069283483537,0.011091829916533631,-6.54271597932281
rs7384878,7,99932049,T,C,SPDYE3,ZCWPW1/NYAP1,0.31,0.92,0.91,0.94,1.1e-26,-0.08338160893905101,0.005576056393974631,-14.953508904456458
rs11771145,7,143110762,G,A,EPHA1,EPHA1,0.348,0.95,0.93,0.96,3.3e-14,-0.05129329438755058,0.010855815534328978,-4.7249600203087025
rs1065712,8,11702122,G,C,CTSB,19,0.053,1.09,1.06,1.12,1.9e-9,0.08617769624105241,0.014239177610753362,6.052154035635556
rs73223431,8,27219987,C,T,PTK2B,PTK2B,0.369,1.07,1.06,1.08,4e-22,0.06765864847381486,0.004790683851958694,14.122962517376783
rs11787077,8,27465312,C,T,CLU,CLU,0.392,0.91,0.9,0.92,1.7e-44,-0.09431067947124129,0.005637671523767852,-16.72865811242053
rs34173062,8,145158607,G,A,SHARPIN,20,0.081,1.13,1.09,1.16,1.7e-16,0.12221763272424911,0.01838772269550852,6.646697622544776
rs1800978,9,107665978,C,G,ABCA1,21,0.13,1.06,1.04,1.08,1.6e-9,0.058268908123975824,0.009718466821782906,5.9956893605246755
rs7912495,10,11718713,A,G,USP6NL,ECHDC3,0.462,1.06,1.05,1.08,9.7e-19,0.058268908123975824,0.004836093854359069,12.048754610387569
rs7068231,10,61784928,G,T,ANK3,22,0.403,0.95,0.94,0.96,3.3e-13,-0.05129329438755058,0.005399035372722934,-9.500455330723545
rs6586028,10,82253984,T,C,TSPAN14,23,0.196,0.93,0.91,0.94,2e-19,-0.07257069283483537,0.011091829916533631,-6.54271597932281
rs6584063,10,98026407,A,G,BLNK,24,0.043,0.89,0.86,0.92,6.7e-11,-0.11653381625595151,0.017494425244200078,-6.661197188777947
rs7908662,10,124172912,A,G,PLEKHA1,25,0.467,0.96,0.95,0.97,2.6e-9,-0.040821994520255166,0.005342499932293578,-7.640991116069132
rs10437655,11,47391948,G,A,SPI1,CELF1/SPI1,0.399,1.06,1.04,1.07,5.3e-14,0.058268908123975824,0.009718466821782906,5.9956893605246755
rs1582763,11,60021948,G,A,MS4A4A,MS4A,0.371,0.91,0.9,0.92,3.7e-42,-0.09431067947124129,0.005637671523767852,-16.72865811242053
rs3851179,11,85868640,C,T,EED,PICALM,0.358,0.9,0.89,0.92,3e-48,-0.10536051565782628,0.005700663570472055,-18.48214937705957
rs74685827,11,121353077,T,G,SORL1,SORL1,0.019,1.19,1.13,1.25,2.8e-11,0.17395330712343798,0.02639575224448412,6.590200783529053
rs11218343,11,121435587,T,C,SORL1,SORL1,0.039,0.84,0.81,0.87,1.4e-21,-0.1743533871447778,0.018554920495344254,-9.396611922348363
rs6489896,12,113719788,T,C,TPCN1,26,0.076,1.08,1.05,1.1,1.8e-9,0.0769610411361284,0.014372896411579768,5.354595130465382
rs17125924,14,53391680,A,G,FERMT2,FERMT2,0.089,1.1,1.07,1.12,8.3e-16,0.09531017980432493,0.014107924148219424,6.755790490718944
rs7401792,14,92931261,A,G,SLC24A4,SLC24A4/RIN3,0.371,1.04,1.02,1.05,4.8e-8,0.03922071315328133,0.00990718666178653,3.958814393248627
rs12590654,14,92938855,G,A,SLC24A4,SLC24A4/RIN3,0.328,0.93,0.92,0.95,4.2e-21,-0.07257069283483537,0.005515773522559,-13.156938467112182
rs7157106,14,106228095,G,A,IGH_gene_cluster,27,0.36,1.05,1.03,1.07,2e-8,0.04879016416943205,0.009811919350963072,4.972540277213259
rs10131280,14,107121607,G,A,IGH_gene_cluster,27,0.133,0.94,0.92,0.96,4.3e-10,-0.06187540371808753,0.010972553684165044,-5.639106948037314
rs8025980,15,50994011,A,G,SPPL2A,SPPL2A,0.345,0.96,0.94,0.97,1.3e-8,-0.040821994520255166,0.010741535305016512,-3.8003873153207883
rs602602,15,59057023,T,A,MINDY2,ADAM10,0.28,0.94,0.93,0.96,2.1e-15,-0.06187540371808753,0.005456780161606043,-11.339178395612024
rs117618017,15,63569902,C,T,APH1B,APH1B,0.144,1.11,1.09,1.13,2.2e-25,0.10436001532424286,0.009276693409791042,11.249699727501673
rs3848143,15,64423506,A,G,SNX1,28,0.22,1.05,1.04,1.07,8.4e-11,0.04879016416943205,0.004882372967423837,9.99312516576872
rs12592898,15,79229199,G,A,CTSH,29,0.133,0.94,0.92,0.96,4.2e-9,-0.06187540371808753,0.010972553684165044,-5.639106948037314
rs1140239,16,30021402,C,T,DOC2A,30,0.379,0.94,0.93,0.96,2.6e-13,-0.06187540371808753,0.005456780161606043,-11.339178395612024
rs889555,16,31122571,C,T,BCKDK,KAT8,0.281,0.95,0.94,0.97,2e-11,-0.05129329438755058,0.005399035372722934,-9.500455330723545
rs4985556,16,70694000,C,A,IL34,IL34,0.115,1.07,1.05,1.09,6e-10,0.06765864847381486,0.009626777706317763,7.028171890726483
rs450674,16,79608408,T,C,MAF,31,0.373,0.96,0.95,0.98,3.2e-8,-0.040821994520255166,0.005342499932293578,-7.640991116069132
rs12446759,16,81773003,A,G,PLCG2,PLCG2,0.403,0.95,0.94,0.96,1.2e-13,-0.05129329438755058,0.005399035372722934,-9.500455330723545
rs72824905,16,81942028,C,G,PLCG2,PLCG2,0.008,0.74,0.68,0.81,8.5e-12,-0.3011050927839216,0.04314152450411378,-6.979472706283469
rs16941239,16,86454210,T,A,FOXF1,32,0.029,1.13,1.08,1.17,1.3e-8,0.12221763272424911,0.023090097749041184,5.293075588184732
rs56407236,16,90170095,G,A,PRDM7,33,0.069,1.11,1.08,1.14,6.5e-15,0.10436001532424286,0.013979068463323705,7.465448473769754
rs35048651,17,1631341,TGAG,T,WDR81,34,0.214,1.06,1.04,1.08,7.7e-11,0.058268908123975824,0.009718466821782906,5.9956893605246755
rs7225151,17,5137047,G,A,SCIMP,SCIMP/RABEP1,0.124,1.08,1.05,1.1,4.1e-13,0.0769610411361284,0.014372896411579768,5.354595130465382
rs2242595,17,18059454,G,A,MYO15A,35,0.112,0.94,0.92,0.96,1.1e-9,-0.06187540371808753,0.010972553684165044,-5.639106948037314
rs5848,17,42430244,C,T,GRN,36,0.289,1.07,1.06,1.09,2.4e-20,0.06765864847381486,0.004790683851958694,14.122962517376783
rs199515,17,44856641,C,G,WNT3,MAPT,0.219,0.94,0.93,0.96,9.3e-13,-0.06187540371808753,0.005456780161606043,-11.339178395612024
rs616338,17,47297297,C,T,ABI3,ABI3,0.012,1.32,1.23,1.42,2.8e-14,0.27763173659827955,0.03602937102752726,7.705705891622769
rs2526377,17,56410041,A,G,TSPOAP1,TSPOAP1,0.445,0.95,0.94,0.97,1.6e-12,-0.05129329438755058,0.005399035372722934,-9.500455330723545
rs4277405,17,61548918,T,C,ACE,ACE,0.384,0.94,0.93,0.95,8.8e-20,-0.06187540371808753,0.005456780161606043,-11.339178395612024
rs12151021,19,1050874,G,A,ABCA7,ABCA7,0.336,1.1,1.09,1.12,1.6e-37,0.09531017980432493,0.004659430389424756,20.45532862142227
rs149080927,19,1854258,GC,G,KLF16,37,0.48,1.05,1.04,1.07,5.1e-10,0.04879016416943205,0.004882372967423837,9.99312516576872
rs9304690,19,50453317,C,T,SIGLEC11,38,0.24,1.05,1.03,1.07,4.7e-9,0.04879016416943205,0.009811919350963072,4.972540277213259
rs587709,19,54771451,T,C,LILRB2,39,0.325,1.05,1.04,1.07,3.6e-11,0.04879016416943205,0.004882372967423837,9.99312516576872
rs1358782,20,393978,G,A,RBCK1,40,0.246,0.95,0.94,0.97,1.6e-8,-0.05129329438755058,0.005399035372722934,-9.500455330723545
rs6014724,20,54998544,A,G,CASS4,CASS4,0.09,0.89,0.87,0.91,4.1e-21,-0.11653381625595151,0.011596046468140891,-10.049443711364717
rs6742,20,62374441,C,T,SLC2A4RG,41,0.221,0.95,0.93,0.97,2.6e-9,-0.05129329438755058,0.010855815534328978,-4.7249600203087025
rs2154481,21,27473875,T,C,APP,42,0.476,0.95,0.94,0.97,1e-12,-0.05129329438755058,0.005399035372722934,-9.500455330723545
rs2830489,21,28148191,C,T,ADAMTS1,ADAMTS1,0.281,0.95,0.94,0.97,1.7e-10,-0.05129329438755058,0.005399035372722934,-9.500455330723545
