SNP,CHR,BP,GENE,LOCUS,A2,A1,FRQ,OR,L95,U95,P,BETA,SE
rs141749679,1,109345810,SORT1,1,C,T,0.004,1.38,1.24,1.54,7.5e-9,0.3220834991691132,0.05457761201641211
rs679515,1,207577223,CR1,CR1,T,C,0.188,1.13,1.11,1.15,7.2e-46,0.12221763272424911,0.009111029285717479
rs72777026,2,9558882,ADAM17,2,G,A,0.144,1.06,1.04,1.08,2.7e-8,0.058268908123975824,0.009718466821782906
rs17020490,2,37304796,PRKD3,3,C,T,0.145,1.06,1.04,1.08,3.3e-9,0.058268908123975824,0.009718466821782906
rs143080277,2,105749599,NCK2,4,C,T,0.005,1.47,1.33,1.63,2.1e-13,0.3852624007906449,0.051062989059684906
rs6733839,2,127135234,BIN1,BIN1,T,C,0.389,1.17,1.16,1.19,6.1e-118,0.1570037488096647,0.004379461067036468
rs139643391,2,202878716,WDR12,5,T,TC,0.131,0.94,0.92,0.96,1.1e-8,-0.06187540371808753,0.010972553684165044
rs10933431,2,233117202,INPP5D,INPP5D,G,C,0.234,0.93,0.92,0.95,3.6e-18,-0.07257069283483537,0.005515773522559
rs16824536,3,155069722,MME,6,A,G,0.054,0.92,0.89,0.95,3.6e-8,-0.08338160893905101,0.01691439148821454
rs61762319,3,155084189,MME,6,G,A,0.026,1.16,1.11,1.21,2.2e-11,0.14842000511827322,0.022479586629607327
rs3822030,4,993555,IDUA,7,G,T,0.429,0.95,0.94,0.96,8.3e-12,-0.05129329438755058,0.005399035372722934
rs6846529,4,11023507,CLNK,CLNK/HS3ST1,C,T,0.283,1.07,1.05,1.08,2.2e-17,0.06765864847381486,0.009626777706317763
rs2245466,4,40197226,RHOH,8,G,C,0.343,1.05,1.03,1.06,1.2e-9,0.04879016416943205,0.009811919350963072
rs112403360,5,14724304,ANKH,9,A,T,0.073,1.09,1.06,1.12,2.3e-9,0.08617769624105241,0.014239177610753362
rs62374257,5,86927378,COX7C,10,C,T,0.23,1.07,1.05,1.09,1.4e-15,0.06765864847381486,0.009626777706317763
rs871269,5,151052827,TNIP1,11,T,C,0.326,0.96,0.95,0.97,8.7e-9,-0.040821994520255166,0.005342499932293578
rs113706587,5,180201150,RASGEF1C,12,A,G,0.11,1.09,1.07,1.12,2.2e-16,0.08617769624105241,0.009448493758794668
rs6605556,6,32615322,HLA-DQA1,HLA,G,A,0.161,0.91,0.9,0.93,7.1e-20,-0.09431067947124129,0.005637671523767852
rs10947943,6,41036354,UNC5CL,TREM2,A,G,0.142,0.94,0.93,0.96,1.1e-9,-0.06187540371808753,0.005456780161606043
rs143332484,6,41161469,TREM2,TREM2,T,C,0.013,1.41,1.32,1.5,2.8e-25,0.34358970439007686,0.03365202438357005
rs75932628,6,41161514,TREM2,TREM2,T,C,0.003,2.39,2.09,2.73,2.5e-37,0.8712933659434193,0.06843331630954069
rs60755019,6,41181270,TREML2,TREM2,G,A,0.004,1.55,1.33,1.8,2.1e-8,0.4382549309311553,0.07809999423341471
rs7767350,6,47517390,CD2AP,CD2AP,T,C,0.271,1.08,1.06,1.09,7.9e-22,0.0769610411361284,0.009536802557220699
rs785129,6,114291731,HS3ST5,13,T,C,0.35,1.04,1.03,1.06,2.4e-9,0.03922071315328133,0.004929546383539235
rs6943429,7,7817263,UMAD1,14,T,C,0.42,1.05,1.03,1.06,1e-10,0.04879016416943205,0.009811919350963072
rs10952097,7,8204382,ICA1,15,T,C,0.114,1.07,1.05,1.1,6.8e-9,0.06765864847381486,0.009626777706317763
rs13237518,7,12229967,TMEM106B,16,A,C,0.411,0.96,0.94,0.97,4.9e-11,-0.040821994520255166,0.010741535305016512
rs1160871,7,28129126,JAZF1,17,G,GTCTT,0.222,0.95,0.93,0.97,9.8e-9,-0.05129329438755058,0.010855815534328978
rs6966331,7,37844191,EPDR1,NME8,T,C,0.349,0.96,0.94,0.97,4.6e-10,-0.040821994520255166,0.010741535305016512
rs76928645,7,54873635,SEC61G,18,T,C,0.103,0.93,0.91,0.95,1.6e-10,-0.07257069283483537,0.011091829916533631
rs7384878,7,100334426,SPDYE3,ZCWPW1/NYAP1,C,T,0.31,0.92,0.91,0.94,1.1e-26,-0.08338160893905101,0.005576056393974631
rs11771145,7,143413669,EPHA1,EPHA1,A,G,0.348,0.95,0.93,0.96,3.3e-14,-0.05129329438755058,0.010855815534328978
rs1065712,8,11844613,CTSB,19,C,G,0.053,1.09,1.06,1.12,1.9e-9,0.08617769624105241,0.014239177610753362
rs73223431,8,27362470,PTK2B,PTK2B,T,C,0.369,1.07,1.06,1.08,4e-22,0.06765864847381486,0.004790683851958694
rs11787077,8,27607795,CLU,CLU,T,C,0.392,0.91,0.9,0.92,1.7e-44,-0.09431067947124129,0.005637671523767852
rs34173062,8,144103704,SHARPIN,20,A,G,0.081,1.13,1.09,1.16,1.7e-16,0.12221763272424911,0.01838772269550852
rs1800978,9,104903697,ABCA1,21,G,C,0.13,1.06,1.04,1.08,1.6e-9,0.058268908123975824,0.009718466821782906
rs7912495,10,11676714,USP6NL,ECHDC3,G,A,0.462,1.06,1.05,1.08,9.7e-19,0.058268908123975824,0.004836093854359069
rs7068231,10,60025170,ANK3,22,T,G,0.403,0.95,0.94,0.96,3.3e-13,-0.05129329438755058,0.005399035372722934
rs6586028,10,80494228,TSPAN14,23,C,T,0.196,0.93,0.91,0.94,2e-19,-0.07257069283483537,0.011091829916533631
rs6584063,10,96266650,BLNK,24,G,A,0.043,0.89,0.86,0.92,6.7e-11,-0.11653381625595151,0.017494425244200078
rs7908662,10,122413396,PLEKHA1,25,G,A,0.467,0.96,0.95,0.97,2.6e-9,-0.040821994520255166,0.005342499932293578
rs10437655,11,47370397,SPI1,CELF1/SPI1,A,G,0.399,1.06,1.04,1.07,5.3e-14,0.058268908123975824,0.009718466821782906
rs1582763,11,60254475,MS4A4A,MS4A,A,G,0.371,0.91,0.9,0.92,3.7e-42,-0.09431067947124129,0.005637671523767852
rs3851179,11,86157598,EED,PICALM,T,C,0.358,0.9,0.89,0.92,3e-48,-0.10536051565782628,0.005700663570472055
rs74685827,11,121482368,SORL1,SORL1,G,T,0.019,1.19,1.13,1.25,2.8e-11,0.17395330712343798,0.02639575224448412
rs11218343,11,121564878,SORL1,SORL1,C,T,0.039,0.84,0.81,0.87,1.4e-21,-0.1743533871447778,0.018554920495344254
rs6489896,12,113281983,TPCN1,26,C,T,0.076,1.08,1.05,1.1,1.8e-9,0.0769610411361284,0.014372896411579768
rs17125924,14,52924962,FERMT2,FERMT2,G,A,0.089,1.1,1.07,1.12,8.3e-16,0.09531017980432493,0.014107924148219424
rs7401792,14,92464917,SLC24A4,SLC24A4/RIN3,G,A,0.371,1.04,1.02,1.05,4.8e-8,0.03922071315328133,0.00990718666178653
rs12590654,14,92472511,SLC24A4,SLC24A4/RIN3,A,G,0.328,0.93,0.92,0.95,4.2e-21,-0.07257069283483537,0.005515773522559
rs7157106,14,105761758,IGH_gene_cluster,27,A,G,0.36,1.05,1.03,1.07,2e-8,0.04879016416943205,0.009811919350963072
rs10131280,14,106665591,IGH_gene_cluster,27,A,G,0.133,0.94,0.92,0.96,4.3e-10,-0.06187540371808753,0.010972553684165044
rs8025980,15,50701814,SPPL2A,SPPL2A,G,A,0.345,0.96,0.94,0.97,1.3e-8,-0.040821994520255166,0.010741535305016512
rs602602,15,58764824,MINDY2,ADAM10,A,T,0.28,0.94,0.93,0.96,2.1e-15,-0.06187540371808753,0.005456780161606043
rs117618017,15,63277703,APH1B,APH1B,T,C,0.144,1.11,1.09,1.13,2.2e-25,0.10436001532424286,0.009276693409791042
rs3848143,15,64131307,SNX1,28,G,A,0.22,1.05,1.04,1.07,8.4e-11,0.04879016416943205,0.004882372967423837
rs12592898,15,78936857,CTSH,29,A,G,0.133,0.94,0.92,0.96,4.2e-9,-0.06187540371808753,0.010972553684165044
rs1140239,16,30010081,DOC2A,30,T,C,0.379,0.94,0.93,0.96,2.6e-13,-0.06187540371808753,0.005456780161606043
rs889555,16,31111250,BCKDK,KAT8,T,C,0.281,0.95,0.94,0.97,2e-11,-0.05129329438755058,0.005399035372722934
rs4985556,16,70660097,IL34,IL34,A,C,0.115,1.07,1.05,1.09,6e-10,0.06765864847381486,0.009626777706317763
rs450674,16,79574511,MAF,31,C,T,0.373,0.96,0.95,0.98,3.2e-8,-0.040821994520255166,0.005342499932293578
rs12446759,16,81739398,PLCG2,PLCG2,G,A,0.403,0.95,0.94,0.96,1.2e-13,-0.05129329438755058,0.005399035372722934
rs72824905,16,81908423,PLCG2,PLCG2,G,C,0.008,0.74,0.68,0.81,8.5e-12,-0.3011050927839216,0.04314152450411378
rs16941239,16,86420604,FOXF1,32,A,T,0.029,1.13,1.08,1.17,1.3e-8,0.12221763272424911,0.023090097749041184
rs56407236,16,90103687,PRDM7,33,A,G,0.069,1.11,1.08,1.14,6.5e-15,0.10436001532424286,0.013979068463323705
rs35048651,17,1728046,WDR81,34,T,TGAG,0.214,1.06,1.04,1.08,7.7e-11,0.058268908123975824,0.009718466821782906
rs7225151,17,5233752,SCIMP,SCIMP/RABEP1,A,G,0.124,1.08,1.05,1.1,4.1e-13,0.0769610411361284,0.014372896411579768
rs2242595,17,18156140,MYO15A,35,A,G,0.112,0.94,0.92,0.96,1.1e-9,-0.06187540371808753,0.010972553684165044
rs5848,17,44352876,GRN,36,T,C,0.289,1.07,1.06,1.09,2.4e-20,0.06765864847381486,0.004790683851958694
rs199515,17,46779275,WNT3,MAPT,G,C,0.219,0.94,0.93,0.96,9.3e-13,-0.06187540371808753,0.005456780161606043
rs616338,17,49219935,ABI3,ABI3,T,C,0.012,1.32,1.23,1.42,2.8e-14,0.27763173659827955,0.03602937102752726
rs2526377,17,58332680,TSPOAP1,TSPOAP1,G,A,0.445,0.95,0.94,0.97,1.6e-12,-0.05129329438755058,0.005399035372722934
rs4277405,17,63471557,ACE,ACE,C,T,0.384,0.94,0.93,0.95,8.8e-20,-0.06187540371808753,0.005456780161606043
rs12151021,19,1050875,ABCA7,ABCA7,A,G,0.336,1.1,1.09,1.12,1.6e-37,0.09531017980432493,0.004659430389424756
rs149080927,19,1854254,KLF16,37,G,GC,0.48,1.05,1.04,1.07,5.1e-10,0.04879016416943205,0.004882372967423837
rs429358,19,44908684,APOE,APOE,C,T,0.216,3.32,3.2,3.45,0,1.199,0.019
rs9304690,19,49950060,SIGLEC11,38,T,C,0.24,1.05,1.03,1.07,4.7e-9,0.04879016416943205,0.009811919350963072
rs587709,19,54267597,LILRB2,39,C,T,0.325,1.05,1.04,1.07,3.6e-11,0.04879016416943205,0.004882372967423837
rs1358782,20,413334,RBCK1,40,A,G,0.246,0.95,0.94,0.97,1.6e-8,-0.05129329438755058,0.005399035372722934
rs6014724,20,56423488,CASS4,CASS4,G,A,0.09,0.89,0.87,0.91,4.1e-21,-0.11653381625595151,0.011596046468140891
rs6742,20,63743088,SLC2A4RG,41,T,C,0.221,0.95,0.93,0.97,2.6e-9,-0.05129329438755058,0.010855815534328978
rs2154481,21,26101558,APP,42,C,T,0.476,0.95,0.94,0.97,1e-12,-0.05129329438755058,0.005399035372722934
rs2830489,21,26775872,ADAMTS1,ADAMTS1,T,C,0.281,0.95,0.94,0.97,1.7e-10,-0.05129329438755058,0.005399035372722934
