locus,cytoband,SNP,CHR,BP,A1,A2,GENE,FRQ,global_maf,OR,P,study
1,1p36.33,rs113020870,1,985377,C,T,AGRN,0.0041,0.0027793705402650356,1.0540266051855671,3.83e-8,Wightman
2,1p13.3,rs141749679,1,109345810,T,C,SORT1,0.00380000000000003,0.0015768348623853212,1.38,7.542e-9,Bellenguez
3,1q23.3,rs4575098,1,161155392,G,A,ADAMTS4,0.228026,0.19039882772680938,1.016547043201291,1.89639605441e-10,Jansen
4,1q32.2,rs679515,1,207577223,C,T,CR1,0.1877,0.11837621368393214,1.13,7.162e-46,Bellenguez
4,1q32.2,rs6656401,1,207692049,G,A,CR1,0.197,0.1204050020779025,1.18,5.7e-24,Lambert
4,1q32.2,rs679515,1,207750568,T,C,CR1,0.82,0.11837621368393214,0.9783099525675323,2.42e-25,Wightman
4,1q32.2,rs2093760,1,207786828,G,A,CR1,0.191962,0.2597415844950697,1.0246383101015288,6.83562064326e-19,Jansen
4,1q32.2,rs4844610,1,207802552,C,A,CR1,0.187,0.11770372889040004,1.17,3.6e-24,Kunkle
5,2p25.1,rs72777026,2,9558882,A,G,ADAM17,0.1436,0.20569731141692152,1.06,2.719e-8,Bellenguez
6,2p22.2,rs17020490,2,37304796,T,C,PRKD3,0.1446,0.21298500132230155,1.06,3.292e-9,Bellenguez
7,2q12.1,rs143080277,2,105749599,T,C,NCK2,0.00509999999999999,0.003368692660550459,1.47,2.07e-13,Bellenguez
7,2q12.2,rs115186657,2,106235428,A,C,NCK2,0.0035,0.003846521406727829,1.0596156672840173,1.33e-8,Wightman
8,2q14.3,rs6733839,2,127135234,C,T,BIN1,0.3891,0.39736673089274244,1.17,6.06e-118,Bellenguez
8,2q14.3,rs4663105,2,127891427,A,C,BIN1,0.411349,0.47027466092409986,1.0315835641865039,1.44578833874e-44,Jansen
8,2q14.3,rs4663105,2,127891427,A,C,BIN1,0.41,0.47027466092409986,1.0218355688423868,3.92e-58,Wightman
8,2q14.3,rs6733839,2,127892810,C,T,BIN1,0.409,0.39736673089274244,1.22,6.9e-44,Lambert
8,2q14.3,rs6733839,2,127892810,C,T,BIN1,0.407,0.39736673089274244,1.2,2.1e-44,Kunkle
9,2q33.1,rs139643391,2,202878716,TC,T,WDR12,0.1311,0.087446,0.94,1.081e-8,Bellenguez
10,2q37.1,rs10933431,2,233117202,C,G,INPP5D,0.2343,0.37219673802242614,0.93,3.621e-18,Bellenguez
10,2q37.1,rs10933431,2,233981912,C,G,INPP5D,0.223,0.37219673802242614,0.91,3.4e-9,Kunkle
10,2q37.1,rs10933431,2,233981912,C,G,INPPD5,0.244487,0.37219673802242614,0.9846815685879239,7.62164579408e-10,Jansen
10,2q37.1,rs35349669,2,234068476,C,T,INPP5D,0.488,0.32723305300713557,1.08,3.2e-8,Lambert
10,2q37.1,rs7597763,2,234082577,A,C,INPPD5,0.45,0.3024576325178389,1.0088657494995001,4.65e-9,Wightman
11,3p14.3,rs184384746,3,57226150,C,T,HESX1,0.00110872,8.91946992864424e-4,1.2219028265002125,1.237e-8,Jansen
12,3q25.31,rs16824536,3,155069722,G,A,MME,0.0542,0.11106332823649337,0.92,3.629e-8,Bellenguez
13,3q25.31,rs61762319,3,155084189,A,G,MME,0.0263,0.015863914373088685,1.16,2.161e-11,Bellenguez
14,4p16.3,rs3822030,4,993555,T,G,IDUA,0.4288,0.46113944614454644,0.95,8.286e-12,Bellenguez
15,4p16.1,rs4504245,4,11014822,G,A,CLNK,0.20999999999999996,0.18529978465374586,1.0121384194644643,5.23e-12,Wightman
15,4p16.1,rs6846529,4,11023507,T,C,CLNK,0.2826,0.31391755861365955,1.07,2.202e-17,Bellenguez
15,4p16.1,rs6448453,4,11026028,G,A,CLNK,0.262473,0.22739431032528623,1.0148132821063018,1.97618453137e-9,Jansen
16,4p14,rs2245466,4,40197226,C,G,RHOH,0.3431,0.3145717631946806,1.05,1.222e-9,Bellenguez
17,5p15.2,rs112403360,5,14724304,T,A,ANKH,0.0727,0.07263213570592013,1.09,2.272e-9,Bellenguez
18,5q14.3,rs62374257,5,86927378,T,C,COX7C,0.2295,0.17517201834862386,1.07,1.375e-15,Bellenguez
19,5q14.3,rs190982,5,88223420,A,G,MEF2C,0.408,0.2656239374362461,0.93,3.2e-8,Lambert
20,5q33.1,rs871269,5,150432388,C,T,TNIP1,0.32,0.39332426612263405,0.9919513999056452,1.37e-9,Wightman
20,5q33.1,rs871269,5,151052827,C,T,TNIP1,0.3264,0.39332426612263405,0.96,8.669e-9,Bellenguez
21,5q33.3,rs6891966,5,156526331,G,A,HAVCR2,0.22999999999999998,0.20363468399592255,0.9919618691766817,7.91e-10,Wightman
22,5q35.3,rs113706587,5,180201150,G,A,RASGEF1C,0.1103,0.07570365333031093,1.09,2.222e-16,Bellenguez
23,6p21.32,rs9271058,6,32575406,T,A,HLA-DRB1,0.27,0.24060976991952854,1.1,1.4e-11,Kunkle
23,6p21.32,rs9271192,6,32578530,A,C,HLA-DRB5–,0.276,0.24060221391061243,1.11,2.9e-12,Lambert
24,6p21.32,rs6931277,6,32583357,A,T,HLA-DRB1,0.156437,0.15569156371604517,0.980847326799156,7.3548952621e-11,Jansen
24,6p21.32,rs1846190,6,32583813,G,A,HLA-DRB1,0.3,0.2852393365824172,0.9865620362637423,2.66e-14,Wightman
24,6p21.32,rs6605556,6,32615322,A,G,HLA-DQA1,0.1613,0.15566511768483887,0.91,7.067e-20,Bellenguez
25,6p21.1,rs187370608,6,40942196,G,A,TREM2,0.00172467,0.0022101326079564773,1.2627251159060653,1.451e-16,Jansen
25,6p21.1,rs187370608,6,40942196,G,A,TREM2,0.0030000000000000027,0.0022101326079564773,1.1600176900794141,1.26e-25,Wightman
25,6p21.1,rs114812713,6,41034000,G,C,OARD1,0.03,0.014868437818552497,1.32,2.1e-13,Kunkle
26,6p21.1,rs10947943,6,41036354,G,A,UNC5CL,0.142,0.11165136574861158,0.94,1.131e-9,Bellenguez
25,6p21.1,rs75932628,6,41129252,C,T,TREM2,0.008,0.0019511340468909275,2.08,2.7e-15,Kunkle
27,6p21.1,rs143332484,6,41161469,C,T,TREM2,0.0126,0.006625891946992864,1.41,2.781e-25,Bellenguez
25,6p21.1,rs75932628,6,41161514,C,T,TREM2,0.0031,0.0019511340468909275,2.39,2.526e-37,Bellenguez
28,6p21.1,rs60755019,6,41181270,A,G,TREML2,0.00419999999999998,0.06784162605311875,1.55,2.071e-8,Bellenguez
29,6p12.3,rs9473117,6,47431284,A,C,CD2AP,0.28,0.23766405453618755,1.09,1.2e-10,Kunkle
29,6p12.3,rs9381563,6,47432637,T,C,CD2AP,0.355744,0.438463621304791,1.0145564277393728,1.99407379087e-10,Jansen
29,6p12.3,rs10948363,6,47487762,A,G,CD2AP,0.266,0.22895960754332315,1.1,5.2e-11,Lambert
29,6p12.3,rs7767350,6,47517390,C,T,CD2AP,0.2709,0.2290711009174312,1.08,7.944e-22,Bellenguez
29,6p12.3,rs9369716,6,47552180,A,T,CD2AP,0.27,0.228983498980632,1.0104125654373621,1.7e-17,Wightman
30,6q21,rs785129,6,114291731,C,T,HS3ST5,0.3502,0.33517322150440143,1.04,2.396e-9,Bellenguez
31,7p21.3,rs6943429,7,7817263,C,T,UMAD1,0.4205,0.43726904943934763,1.05,1.031e-10,Bellenguez
32,7p21.3,rs10952097,7,8204382,C,T,ICA1,0.1136,0.230687754841998,1.07,6.814e-9,Bellenguez
33,7p21.3,rs13237518,7,12229967,C,A,TMEM106B,0.4115,0.45786391627942125,0.96,4.881e-11,Bellenguez
33,7p21.3,rs5011436,7,12268758,A,C,TMEM106B,0.41,0.4720843250595036,0.9926599605337938,2.7e-9,Wightman
34,7p15.1,rs1160871,7,28129126,GTCTT,G,JAZF1,0.2223,0.44723261173448187,0.95,9.834e-9,Bellenguez
35,7p14.1,rs2718058,7,37841534,A,G,NME8,0.373,0.4012656314934452,0.93,4.8e-9,Lambert
35,7p14.1,rs6966331,7,37844191,C,T,EPDR1,0.3494,0.4763395132517839,0.96,4.635e-10,Bellenguez
36,7p11.2,rs76928645,7,54873635,C,T,SEC61G,0.1033,0.06744552752293578,0.93,1.62e-10,Bellenguez
37,7q22.1,rs7384878,7,99932049,T,C,ZCWPW1/NYAP1,0.31000000000000005,0.2921683868501529,0.9892311082190612,9.41e-16,Wightman
37,7q22.1,rs1859788,7,99971834,G,A,ZCWPW1,0.32433,0.29223209734964317,0.981772431882832,1.80481184772e-15,Jansen
37,7q22.1,rs1476679,7,100004446,T,C,ZCWPW1,0.287,0.21360837205787908,0.91,5.6e-10,Lambert
37,7q22.1,rs12539172,7,100091795,C,T,NYAP1g,0.303,0.24077222411122445,0.92,9.3e-10,Kunkle
37,7q22.1,rs7384878,7,100334426,T,C,SPDYE3,0.31,0.2921683868501529,0.92,1.061e-26,Bellenguez
38,7q34,rs10808026,7,143099133,C,A,EPHA1,0.199,0.19066163353720694,0.9,1.3e-10,Kunkle
38,7q35,rs3935067,7,143104331,G,C,EPHA1-AS1,0.38,0.2598671636085627,1.0090297843670943,4.69e-11,Wightman
38,7q35,rs7810606,7,143108158,C,T,EPHA1,0.485387,0.3995919755185311,0.9855862180404493,2.89123983318e-11,Jansen
38,7q35,rs11771145,7,143110762,G,A,EPHA1,0.338,0.4274098496432212,0.9,1.1e-13,Lambert
38,7q35,rs11771145,7,143413669,G,A,EPHA1,0.3476,0.4274098496432212,0.95,3.302e-14,Bellenguez
39,7q35,rs114360492,7,145950029,C,T,CNTNAP2,0.00153988,0.016426763383580793,1.1958224440617193,2.0959999999999998e-09,Jansen
40,8p23.1,rs1065712,8,11844613,G,C,CTSB,0.053,0.033535614169215085,1.09,1.942e-9,Bellenguez
41,8p21.2,rs28834970,8,27195121,T,C,PTK2B,0.366,0.30602542048929665,1.1,7.4e-14,Lambert
41,8p21.2,rs73223431,8,27219987,C,T,PTK2B,0.367,0.3057227956167176,1.1,6.3e-14,Kunkle
41,8p21.2,rs73223431,8,27362470,C,T,PTK2B,0.3694,0.3057227956167176,1.07,4.03e-22,Bellenguez
42,8p21.1,rs4236673,8,27464929,G,A,CLU/PTK2B,0.377826,0.28120064981676673,0.9800404497416008,1.4801200609000002e-19,Jansen
42,8p21.1,rs1532278,8,27466315,T,C,CLU,0.61,0.3088103063961616,1.0126337906828533,1.57e-22,Wightman
42,8p21.1,rs9331896,8,27467686,T,C,CLU,0.379,0.43293673547400613,0.86,2.8e-25,Lambert
42,8p21.1,rs9331896,8,27467686,T,C,CLU,0.387,0.43293673547400613,0.88,4.6e-24,Kunkle
42,8p21.1,rs11787077,8,27607795,C,T,CLU,0.392,0.4288751911314985,0.91,1.701e-44,Bellenguez
44,8q24.3,rs34173062,8,144103704,G,A,SHARPIN,0.0814,0.057299630479102956,1.13,1.716e-16,Bellenguez
43,8q24.3,rs61732533,8,145108151,G,A,SHARPIN,0.050000000000000044,0.02967622501794552,1.0153921466262785,3.14e-9,Wightman
NA,9q31.1,rs1800978,9,104903697,C,G,ABCA1,0.13,0.10570478673164835,1.06,1.585e-9,Bellenguez
45,10p14,rs7912495,10,11676714,A,G,USP6NL,0.4619,0.41579583663908726,1.06,9.743e-19,Bellenguez
45,10p14,rs11257238,10,11717397,T,C,ECHDC3,0.360964,0.28386036495523065,1.0130275024809925,1.04208680137e-8,Jansen
45,10p14,rs7912495,10,11718713,A,G,USP6NL/ECHDC3,0.46,0.41579583663908726,1.0087965331445357,7.68e-15,Wightman
45,10p14,rs7920721,10,11720308,A,G,ECHDC3,0.39,0.30363444028863956,1.08,1.8e-11,Kunkle
46,10q21.1,rs7068231,10,60025170,G,T,ANK3,0.4026,0.39329026408251166,0.95,3.321e-13,Bellenguez
46,10q21.2,rs7902657,10,61738152,G,T,CCDC6,0.54,0.49307148318042815,1.007383982404875,3.68e-8,Wightman
47,10q22.3,rs6586028,10,80494228,T,C,TSPAN14,0.1964,0.12995957535229896,0.93,1.971e-19,Bellenguez
48,10q23.33,rs6584063,10,96266650,A,G,BLNK,0.0435,0.04009596131323434,0.89,6.729e-11,Bellenguez
49,10q26.12,rs7908662,10,122413396,A,G,PLEKHA1,0.4674,0.4729708205912334,0.96,2.593e-9,Bellenguez
50,11p11.2,rs10437655,11,47370397,G,A,SPI1,0.3987,0.3499538098878695,1.06,5.282e-14,Bellenguez
50,11p11.2,rs3740688,11,47380340,T,G,SPI1h,0.448,0.39037812181447507,0.92,5.4e-13,Kunkle
50,11p11.2,rs3740688,11,47380340,G,T,MADD/SPI1,0.54,0.39037812181447507,1.0086275130832252,8.78e-9,Wightman
50,11p11.2,rs10838725,11,47557871,T,C,CELF1,0.316,0.22168068297655455,1.08,1.1e-8,Lambert
51,11q12.2,rs983392,11,59923508,A,G,MS4A6A,0.403,0.2732252824058332,0.9,6.1e-16,Lambert
51,11q12.2,rs7933202,11,59936926,A,C,MS4A2,0.391,0.26711247119271603,0.89,1.9e-19,Kunkle
51,11q12.2,rs2081545,11,59958380,C,A,MS4A6A,0.382122,0.30041093272171254,0.9822886957569568,1.10698552532e-15,Jansen
51,11q12.2,rs1582763,11,60021948,G,A,MS4A4A,0.38,0.2806075031168537,0.9850365676816899,3.4e-33,Wightman
51,11q12.2,rs1582763,11,60254475,G,A,MS4A4A,0.371,0.2806075031168537,0.91,3.738e-42,Bellenguez
52,11q14.2,rs867611,11,85776544,A,G,PICALM,0.317416,0.2682371304791029,0.9797783409014386,1.48189212068e-18,Jansen
52,11q14.2,rs561655,11,85800279,G,A,PICALM,0.65,0.30074426687823497,1.0144146807157401,1.24e-26,Wightman
52,11q14.2,rs10792832,11,85867875,G,A,PICALM,0.358,0.29953152744720235,0.87,9.3e-26,Lambert
52,11q14.2,rs3851179,11,85868640,C,T,PICALM,0.356,0.3044391552382032,0.88,6e-25,Kunkle
52,11q14.2,rs3851179,11,86157598,C,T,EED,0.3584,0.3044391552382032,0.9,2.952e-48,Bellenguez
54,11q24.1,rs11218343,11,121435587,T,C,SORL1,0.039,0.07411920234454639,0.77,9.7e-15,Lambert
54,11q24.1,rs11218343,11,121435587,T,C,SORL1,0.04,0.07411920234454639,0.8,2.9e-12,Kunkle
54,11q24.1,rs11218343,11,121435587,T,C,SORL1,0.0440715,0.07411920234454639,0.9647113082912815,8.1152759981e-12,Jansen
54,11q24.1,rs11218343,11,121435587,T,C,SORL1,0.040000000000000036,0.07411920234454639,0.9769644898915952,1.33e-13,Wightman
53,11q24.1,rs74685827,11,121482368,T,G,SORL1,0.0185999999999999,0.01958301478083588,1.19,2.812e-11,Bellenguez
54,11q24.1,rs11218343,11,121564878,T,C,SORL1,0.039,0.07411920234454639,0.84,1.4e-21,Bellenguez
NA,12q24.13,rs6489896,12,113281983,T,C,TPCN1,0.0764,0.10962984199796126,1.08,1.799e-9,Bellenguez
55,14q22.1,rs17125924,14,52924962,A,G,FERMT2,0.0891999999999999,0.0984486493374108,1.1,8.324e-16,Bellenguez
55,14q22.1,rs7146179,14,53298853,G,A,FERMT2,0.10999999999999999,0.19951641542937015,1.0131585347174628,6.99e-11,Wightman
55,14q22.1,rs17125924,14,53391680,A,G,FERMT2,0.093,0.0984486493374108,1.14,1.4e-9,Kunkle
55,14q22.1,rs17125944,14,53400629,T,C,FERMT2,0.092,0.0948888251783894,1.14,7.9e-9,Lambert
56,14q32.12,rs7401792,14,92464917,A,G,SLC24A4,0.3709,0.4979220975480751,1.04,4.826e-8,Bellenguez
57,14q32.12,rs12590654,14,92472511,G,A,SLC24A4,0.3279,0.35046349388379205,0.93,4.25e-21,Bellenguez
56,14q32.12,rs10498633,14,92926952,G,T,SLC24A4-,0.217,0.18364501870112207,0.91,5.5e-9,Lambert
56,14q32.12,rs12881735,14,92932828,T,C,SLC24A4,0.221,0.18800172018348624,0.92,7.4e-9,Kunkle
57,14q32.12,rs12590654,14,92938855,G,A,SLC24A4,0.33648,0.35046349388379205,0.9852827619375728,1.32256769113e-10,Jansen
57,14q32.12,rs12590654,14,92938855,G,A,RIN3,0.32999999999999996,0.35046349388379205,0.9885677393633907,6.63e-17,Wightman
58,14q32.33,rs7157106,14,105761758,G,A,IGH gene cluster,0.3605,0.47015163098878693,1.05,1.991e-8,Bellenguez
59,14q32.33,rs10131280,14,106665591,G,A,IGH gene cluster,0.1325,0.16558237938720768,0.94,4.261e-10,Bellenguez
60,15q21.2,rs8025980,15,50701814,A,G,SPPL2A,0.3448,0.38026408002038736,0.96,1.321e-8,Bellenguez
61,15q21.3,rs602602,15,58764824,T,A,MINDY2,0.2795,0.31744552752293576,0.94,2.074e-15,Bellenguez
61,15q21.3,rs442495,15,59022615,T,C,ADAM10,0.354342,0.4935207223544523,0.9863725982769928,1.22123874443e-9,Jansen
61,15q21.3,rs593742,15,59045774,A,G,ADAM10,0.295,0.3480026758409786,0.93,6.8e-9,Kunkle
61,15q21.3,rs602602,15,59057023,T,A,ADAM10,0.30000000000000004,0.31744552752293576,0.9905332482528327,6.22e-15,Wightman
62,15q22.2,rs117618017,15,63277703,C,T,APH1B,0.1439,0.08892392966360856,1.11,2.151e-25,Bellenguez
62,15q22.2,rs117618017,15,63569902,C,T,APH1B,0.124823,0.08892392966360856,1.0181902019834816,3.43751317539e-8,Jansen
62,15q22.2,rs117618017,15,63569902,C,T,APH1B,0.13,0.08892392966360856,1.014450424041212,7e-12,Wightman
63,15q22.31,rs3848143,15,64131307,A,G,SNX1,0.2199,0.28261977573904185,1.05,8.412e-11,Bellenguez
64,15q25.1,rs12592898,15,78936857,G,A,CTSH,0.1327,0.15010389512259625,0.94,4.175e-9,Bellenguez
65,16p12.3,rs7185636,16,19808163,T,C,IQCK,0.18,3.0224035664362082e-5,0.92,2.4e-8,Kunkle
66,16p11.2,rs1140239,16,30010081,C,T,DOC2A,0.3789,0.3219689729867482,0.94,2.586e-13,Bellenguez
67,16p11.2,rs889555,16,31111250,C,T,BCKDK,0.281,0.32840303751558425,0.95,1.962e-11,Bellenguez
67,16p11.2,rs59735493,16,31133100,G,A,KAT8,0.298476,0.3720692130416714,0.9870987185683857,3.72815665997e-8,Jansen
68,16q22.1,rs4985556,16,70660097,C,A,IL34,0.1148,0.07522617227319062,1.07,5.983e-10,Bellenguez
69,16q23.2,rs62039712,16,79355857,G,A,WWOX,0.116,0.07821260193679919,1.16,3.7e-8,Kunkle
70,16q23.2,rs450674,16,79574511,T,C,MAF,0.3728,0.30768446106766406,0.96,3.162e-8,Bellenguez
71,16q23.3,rs12446759,16,81739398,A,G,PLCG2,0.403,0.49927529306829765,0.95,1.217e-13,Bellenguez
72,16q23.3,rs72824905,16,81908423,C,G,PLCG2,0.00780000000000003,0.005702089704383282,0.74,8.476e-12,Bellenguez
73,16q24.1,rs16941239,16,86420604,T,A,FOXF1,0.0288,0.08890022290226303,1.13,1.287e-8,Bellenguez
74,16q24.3,rs56407236,16,90103687,G,A,PRDM7,0.0693,0.0662435301673656,1.11,6.469e-15,Bellenguez
75,17p13.3,rs35048651,17,1728046,TGAG,T,WDR81,0.2137,0.1879292757565454,1.06,7.668e-11,Bellenguez
76,17p13.2,rs7209200,17,4969940,C,T,SCIMP/RABEP1,0.33,0.31681638634046894,1.0078761176357205,3.18e-8,Wightman
76,17p13.2,rs113260531,17,5138980,G,A,SCIMP,0.126086,0.13945370055536666,1.0201868518404116,7.90535677698e-10,Jansen
76,17p13.2,rs7225151,17,5233752,G,A,SCIMP,0.1241,0.14480713287241678,1.08,4.125e-13,Bellenguez
77,17p11.2,rs2242595,17,18156140,G,A,MYO15A,0.1117,0.1691903736446409,0.94,1.111e-9,Bellenguez
78,17q21.31,rs708382,17,42442344,T,C,GRN,0.39,0.3926955912334353,1.0067635317367964,1.98e-9,Wightman
78,17q21.31,rs5848,17,44352876,C,T,GRN,0.2886,0.4086869266055046,1.07,2.383e-20,Bellenguez
79,17q21.32,rs199515,17,46779275,C,G,WNT3,0.2194,0.16488277268093787,0.94,9.335e-13,Bellenguez
81,17q21.33,rs28394864,17,47450775,G,A,ABI3,0.453265,0.38309123343527013,1.0123774850221756,1.68452181191e-8,Jansen
81,17q21.33,rs28394864,17,47450775,G,A,ABI3,0.45999999999999996,0.38309123343527013,1.0086093194737589,4.9e-10,Wightman
80,17q21.33,rs616338,17,49219935,C,T,ABI3,0.0122,0.00544032641958514,1.32,2.818e-14,Bellenguez
82,17q22,rs2632516,17,56409089,G,C,TSPOAP1-AS1,0.45999999999999996,0.49585085372069315,0.9938221093916703,7.46e-10,Wightman
82,17q23.2,rs2526377,17,58332680,A,G,TSPOAP1,0.4449,0.496494011862934,0.95,1.576e-12,Bellenguez
83,17q23.3,rs138190086,17,61538148,G,A,ACE,0.02,0.01276599133537207,1.3,5.3e-9,Kunkle
84,17q23.3,rs6504163,17,61545779,T,C,ACE,0.39,0.2846310778646719,0.9922105207428151,1.23e-9,Wightman
84,17q24.1,rs4277405,17,63471557,T,C,ACE,0.3837,0.3664059843590616,0.94,8.804e-20,Bellenguez
NA,18q21.31,rs76726049,18,56189459,T,C,ALPK2,0.0111949,0.008887614678899083,1.0584406070880437,3.3774524251e-8,Jansen
85,19p13.3,rs111278892,19,1039323,C,G,ABCA7,0.147136,0.11784053261977574,1.0201111623359513,6.67175297904e-11,Jansen
85,19p13.3,rs12151021,19,1050874,G,A,ABCA7,0.31999999999999995,0.33620461672144775,1.0102941471342244,2.81e-15,Wightman
85,19p13.3,rs12151021,19,1050875,G,A,ABCA7,0.3357,0.33620461672144775,1.1,1.594e-37,Bellenguez
86,19p13.3,rs3752246,19,1056492,C,G,ABCA7,0.182,0.13493520722354457,1.15,3.1e-16,Kunkle
86,19p13.3,rs4147929,19,1063443,G,A,ABCA7,0.19,0.1343987305905021,1.15,1.1e-15,Lambert
87,19p13.3,rs149080927,19,1854254,GC,G,KLF16,0.4802,0.3696801732925586,1.05,5.094e-10,Bellenguez
88,19q13.32,rs41289512,19,45351516,C,G,APOE,0.0359409,0.022832250254841997,1.229125747379676,1.45908825422e-278,Jansen
88,19q13.32,rs429358,19,45411941,T,C,APOE,0.216,0.15559696738022427,3.32,0,Kunkle
88,19q13.32,rs429358,19,45411941,T,C,APOE,0.16000000000000003,0.15559696738022427,NA,1e-300,Wightman
89,19q13.32,rs7412,19,45412079,C,T,APOE ε2,0.057,0.08213876146788991,0.459,2e-31,NA
90,19q13.32,rs76320948,19,46241841,C,T,AC074212.3,0.0307669,0.01947948521916412,1.0355502255198281,4.0780065849e-8,Jansen
91,19q13.33,rs2452170,19,49213504,G,A,NTN5,0.53,0.44293324266122636,1.0062282131106977,1.72e-8,Wightman
92,19q13.33,rs9304690,19,49950060,C,T,SIGLEC11,0.2398,0.19029529816513763,1.05,4.744e-9,Bellenguez
93,19q13.41,rs3865444,19,51727962,C,A,CD33,0.299276,0.25455438437417355,0.9863371473637519,5.14947136504e-9,Jansen
93,19q13.41,rs1354106,19,51737991,T,G,CD33,0.37,0.39370206656843854,0.9890770239100463,2.21e-10,Wightman
94,19q13.42,rs587709,19,54267597,T,C,LILRB2,0.3251,0.38673164834334506,1.05,3.63e-11,Bellenguez
95,19q13.42,rs1761461,19,54825174,A,C,LILRB2,0.49,0.4028712833881144,1.0063792157815241,1.56e-9,Wightman
96,20p13,rs1358782,20,413334,G,A,RBCK1,0.246,0.20605991915070465,0.95,1.552e-8,Bellenguez
97,20q13.2,rs6069737,20,54995699,C,T,CASS4,0.083,0.0843401715214024,0.9814965512507897,6.73e-16,Wightman
97,20q13.2,rs6024870,20,54997568,G,A,CASS4,0.088,0.08378858287052779,0.88,3.5e-8,Kunkle
97,20q13.2,rs6014724,20,54998544,A,G,CASS4,0.0950416,0.12199764271151886,0.9773658273564981,5.38105326432e-10,Jansen
97,20q13.31,rs7274581,20,55018260,T,C,CASS4,0.083,0.1254259700026446,0.88,2.5e-8,Lambert
97,20q13.31,rs6014724,20,56423488,A,G,CASS4,0.0898,0.12199764271151886,0.89,4.129e-21,Bellenguez
98,"NANA",rs6742,20,63743088,C,T,SLC2A4RG,0.221,0.21769081294597348,0.95,2.581e-9,Bellenguez
100,21q21.2,rs2154481,21,26101558,T,C,APP,0.4764,0.3776360219164118,0.95,9.998e-13,Bellenguez
101,21q21.2,rs2830489,21,26775872,C,T,ADAMTS1,0.2809,0.1840675968399592,0.95,1.686e-10,Bellenguez
99,21q21.3,rs63750847,21,27269932,G,A,APP,3e-4,1.11493374108053e-4,0.23,4.19e-5,Johnson
100,21q21.3,rs2154482,21,27520931,G,T,APP,0.44,0.445653405871019,0.9932400409597634,7.66e-10,Wightman
101,21q21.3,rs2830500,21,28156856,C,A,ADAMTS1,0.308,0.2131474555139975,0.93,2.6e-8,Kunkle
