locus,cytoband,locus_ld,SNP,CHR,BP,A1,A2,GENE,FRQ,OR,P,study,dbsnp_gene,Major,Minor,global_maf,global_af,gnomad_minor,gnomad_af,gnomad_maf,gencode_gene,gencode_dist,direction,gvc_gene,gvc_dist,pos,chrom,ref,alt,allele,annotation,annotation_impact,gene_name,gene_id,feature_type,feature_id,transcript_bio_type,rank,hgvs_c,hgvs_p,c_dna_pos_c_dna_length,cds_pos_cds_length,aa_pos_aa_length,distance,errors_warnings_info,hgvs_p_new
chr1:485377-1485377,1p36.33,1,rs113020870,1,985377,C,T,AGRN,0.0041,1.0540266051855671,3.83e-8,Wightman,AGRN,C,T,0.00349465642651062,0.00349465642651062,T,0.00231392,0.00231392,AGRN,0,intragenic,NA,NA,985377,1,C,T,T,synonymous_variant,LOW,AGRN,ENSG00000188157,transcript,ENST00000379370,protein_coding,27/36,c.4839C>T,C1613C,4889/7323,4839/6138,1613/2045,NA,NA,C1613C
chr1:109388432-110388432,1p13.3,2,rs141749679,1,109888432,T,C,SORT1,0.004,1.38,7.5e-9,Bellenguez,SORT1,T,C,0.00241025402870013,0.00241025402870013,C,0.0029942,0.0029942,SORT1,0,intragenic,NA,NA,109888432,1,T,C,C,missense_variant,MODERATE,SORT1,ENSG00000134243,transcript,ENST00000256637,protein_coding,8/20,c.904A>G,K302E,963/7028,904/2496,302/831,NA,NA,K302E
chr1:160655392-161655392,1q23.3,3,rs4575098,1,161155392,G,A,ADAMTS4,0.228026,1.016547043201291,1.89639605441e-10,Jansen,B4GALT3/ADAMTS4,G,A,0.2298613881132828,0.2298613881132828,A,0.191792,0.191792,ADAMTS4,0,intragenic,NA,NA,161155392,1,G,A,A,3_prime_UTR_variant,MODIFIER,ADAMTS4,ENSG00000158859,transcript,ENST00000367996,protein_coding,9/9,c.*5536C>T,NA,NA,NA,NA,5536,NA,"NANANA"
chr1:207192049-208302552,1q32.2,4,rs6656401,1,207692049,G,A,CR1,0.197,1.18,5.6999999999999986e-24,Lambert,CR1,G,A,0.17943424530323593,0.8205657546967641,A,0.862182,0.137818,CR1,0,intragenic,CR1,0,207692049,1,A,G,G,intron_variant,MODIFIER,CR1,ENSG00000203710,transcript,ENST00000367049,protein_coding,4/46,c.488-4907A>G,NA,NA,NA,NA,NA,NA,"NANANA"
chr1:207192049-208302552,1q32.2,4,rs6656401,1,207692049,G,A,NA,0.216437,1.148089808177155,1.371e-29,Marioni,CR1,G,A,0.17943424530323593,0.8205657546967641,A,0.862182,0.137818,CR1,0,intragenic,CR1,0,207692049,1,A,G,G,intron_variant,MODIFIER,CR1,ENSG00000203710,transcript,ENST00000367049,protein_coding,4/46,c.488-4907A>G,NA,NA,NA,NA,NA,NA,"NANANA"
chr1:207192049-208302552,1q32.2,4,rs679515,1,207750568,C,T,CR1,0.18000000000000005,1.022170936087835,2.42e-25,Wightman,CR1,C,T,0.2432098765432099,0.7567901234567901,T,0.862653,0.137347,CR1,0,intragenic,CR1,0,207750568,1,T,C,C,intron_variant,MODIFIER,CR1,ENSG00000203710,transcript,ENST00000367049,protein_coding,28/46,c.4538-582T>C,NA,NA,NA,NA,NA,NA,"NANANA"
chr1:207192049-208302552,1q32.2,4,rs679515,1,207750568,C,T,CR1,0.188,1.13,7.2e-46,Bellenguez,CR1,C,T,0.2432098765432099,0.7567901234567901,T,0.862653,0.137347,CR1,0,intragenic,CR1,0,207750568,1,T,C,C,intron_variant,MODIFIER,CR1,ENSG00000203710,transcript,ENST00000367049,protein_coding,28/46,c.4538-582T>C,NA,NA,NA,NA,NA,NA,"NANANA"
chr1:207192049-208302552,1q32.2,4,rs2093760,1,207786828,G,A,CR1,0.191962,1.0246383101015288,6.83562064326e-19,Jansen,CR1,G,A,0.23705664372683952,0.7629433562731605,A,0.73385,0.26615,CR1,0,intragenic,CR1,0,207786828,1,A,G,G,downstream_gene_variant,MODIFIER,CR1,ENSG00000203710,transcript,ENST00000534202,protein_coding,NA,c.*3937A>G,NA,NA,NA,NA,3937,WARNING_TRANSCRIPT_NO_STOP_CODON,"NANANA"
chr1:207192049-208302552,1q32.2,4,rs4844610,1,207802552,C,A,CR1,0.187,1.17,3.5999999999999986e-24,Kunkle,CR1,C,A,0.171343592396224,0.828656407603776,A,0.862288,0.13771199999999997,CR1,0,intragenic,CR1,0,207802552,1,A,C,C,intron_variant,MODIFIER,CR1,ENSG00000203710,transcript,ENST00000367049,protein_coding,45/46,c.7353-1310A>C,NA,NA,NA,NA,NA,NA,"NANANA"
chr2:9199011-10199011,2p25.1,5,rs72777026,2,9699011,A,G,ADAM17,0.144,1.06,2.7e-8,Bellenguez,NA,A,G,0.06285291745092766,0.06285291745092766,G,0.189885,0.189885,ADAM17,2150,downstream,NA,NA,9699011,2,A,G,G,upstream_gene_variant,MODIFIER,ADAM17,ENSG00000151694,transcript,ENST00000310823,protein_coding,NA,c.-3277T>C,NA,NA,NA,NA,3094,NA,"NANANA"
chr2:37031939-38031939,2p22.2,6,rs17020490,2,37531939,T,C,PRKD3,0.145,1.06,3.3e-9,Bellenguez,PRKD3,T,C,0.15980951146818712,0.15980951146818712,C,0.182259,0.182259,PRKD3,0,intragenic,NA,NA,37531939,2,T,C,C,intron_variant,MODIFIER,PRKD3,ENSG00000115825,transcript,ENST00000234179,protein_coding,1/17,c.288+11441A>G,NA,NA,NA,NA,NA,NA,"NANANA"
chr2:105735428-106866056,2q12.2,7,rs115186657,2,106235428,A,C,NCK2,0.0035,1.0596156672840171,1.33e-8,Wightman,NA,A,C,0.00350714663843303,0.00350714663843303,C,0.00178355,0.00178355,NCK2,125941,upstream,NA,NA,106235428,2,A,C,C,intergenic_region,MODIFIER,FHL2-NCK2,ENSG00000115641-ENSG00000071051,intergenic_region,ENSG00000115641-ENSG00000071051,NA,NA,n.106235428A>C,NA,NA,NA,NA,NA,NA,"NANANA"
chr2:105735428-106866056,2q12.2,7,rs143080277,2,106366056,T,C,NCK2,0.005,1.47,2.1e-13,Bellenguez,NCK2,T,C,0.00401250651380927,0.00401250651380927,C,0.00280416,0.00280416,NCK2,0,intragenic,NA,NA,106366056,2,T,C,C,intron_variant,MODIFIER,NCK2,ENSG00000071051,transcript,ENST00000233154,protein_coding,1/4,c.-201+4461T>C,NA,NA,NA,NA,NA,NA,"NANANA"
chr2:127391427-128392810,2q14.3,8,rs4663105,2,127891427,A,C,BIN1,0.411349,1.031583564186504,1.44578833874e-44,Jansen,LOC105373605,A,C,0.4429796696315121,0.4429796696315121,C,0.462149,0.462149,BIN1,26563,downstream,BIN1,26563,127891427,2,A,C,C,intergenic_region,MODIFIER,BIN1-NIFKP9,ENSG00000136717-ENSG00000237630,intergenic_region,ENSG00000136717-ENSG00000237630,NA,NA,n.127891427A>C,NA,NA,NA,NA,NA,NA,"NANANA"
chr2:127391427-128392810,2q14.3,8,rs4663105,2,127891427,A,C,BIN1,0.41,1.0218355688423868,3.9200000000000005e-58,Wightman,LOC105373605,A,C,0.4429796696315121,0.4429796696315121,C,0.462149,0.462149,BIN1,26563,downstream,BIN1,26563,127891427,2,A,C,C,intergenic_region,MODIFIER,BIN1-NIFKP9,ENSG00000136717-ENSG00000237630,intergenic_region,ENSG00000136717-ENSG00000237630,NA,NA,n.127891427A>C,NA,NA,NA,NA,NA,NA,"NANANA"
chr2:127391427-128392810,2q14.3,8,rs6733839,2,127892810,C,T,BIN1,0.409,1.22,6.899999999999998e-44,Lambert,LOC105373605,C,T,0.3900671055963535,0.3900671055963535,T,0.395051,0.395051,BIN1,27946,downstream,BIN1,27946,127892810,2,C,T,T,intergenic_region,MODIFIER,BIN1-NIFKP9,ENSG00000136717-ENSG00000237630,intergenic_region,ENSG00000136717-ENSG00000237630,NA,NA,n.127892810C>T,NA,NA,NA,NA,NA,NA,"NANANA"
chr2:127391427-128392810,2q14.3,8,rs6733839,2,127892810,C,T,BIN1,0.407,1.2,2.1e-44,Kunkle,LOC105373605,C,T,0.3900671055963535,0.3900671055963535,T,0.395051,0.395051,BIN1,27946,downstream,BIN1,27946,127892810,2,C,T,T,intergenic_region,MODIFIER,BIN1-NIFKP9,ENSG00000136717-ENSG00000237630,intergenic_region,ENSG00000136717-ENSG00000237630,NA,NA,n.127892810C>T,NA,NA,NA,NA,NA,NA,"NANANA"
chr2:127391427-128392810,2q14.3,8,rs6733839,2,127892810,C,T,NA,0.394804,1.1954228832734786,2.3669999999999996e-69,Marioni,LOC105373605,C,T,0.3900671055963535,0.3900671055963535,T,0.395051,0.395051,BIN1,27946,downstream,BIN1,27946,127892810,2,C,T,T,intergenic_region,MODIFIER,BIN1-NIFKP9,ENSG00000136717-ENSG00000237630,intergenic_region,ENSG00000136717-ENSG00000237630,NA,NA,n.127892810C>T,NA,NA,NA,NA,NA,NA,"NANANA"
chr2:127391427-128392810,2q14.3,8,rs6733839,2,127892810,C,T,BIN1,0.389,1.17,6.100000000000001e-118,Bellenguez,LOC105373605,C,T,0.3900671055963535,0.3900671055963535,T,0.395051,0.395051,BIN1,27946,downstream,BIN1,27946,127892810,2,C,T,T,intergenic_region,MODIFIER,BIN1-NIFKP9,ENSG00000136717-ENSG00000237630,intergenic_region,ENSG00000136717-ENSG00000237630,NA,NA,n.127892810C>T,NA,NA,NA,NA,NA,NA,"NANANA"
chr2:203243439-204243439,2q33.2,9,rs139643391,2,203743439,TC,T,WDR12,0.131,0.94,1.1e-8,Bellenguez,NA,NA,T,NA,NA,T,0.0908512,0.0908512,WDR12,0,intragenic,NA,NA,203743439,2,TC,T,T,3_prime_UTR_variant,MODIFIER,WDR12,ENSG00000138442,transcript,ENST00000261015,protein_coding,13/13,c.*2143delG,NA,NA,NA,NA,2143,NA,"NANANA"
chr2:233481912-234582577,2q37.1,10,rs10933431,2,233981912,C,G,INPP5D,0.223,0.91,3.4e-9,Kunkle,INPP5D,C,G,0.3065113816834304,0.6934886183165696,G,0.645682,0.354318,INPP5D,0,intragenic,NA,NA,233981912,2,G,C,C,intron_variant,MODIFIER,INPP5D,ENSG00000168918,transcript,ENST00000359570,protein_coding,2/28,c.199-4905G>C,NA,NA,NA,NA,NA,NA,"NANANA"
chr2:233481912-234582577,2q37.1,10,rs10933431,2,233981912,C,G,INPPD5,0.244487,0.984681568587924,7.62164579408e-10,Jansen,INPP5D,C,G,0.3065113816834304,0.6934886183165696,G,0.645682,0.354318,INPP5D,0,intragenic,NA,NA,233981912,2,G,C,C,intron_variant,MODIFIER,INPP5D,ENSG00000168918,transcript,ENST00000359570,protein_coding,2/28,c.199-4905G>C,NA,NA,NA,NA,NA,NA,"NANANA"
chr2:233481912-234582577,2q37.1,10,rs10933431,2,233981912,C,G,INPP5D,0.234,0.93,3.6e-18,Bellenguez,INPP5D,C,G,0.3065113816834304,0.6934886183165696,G,0.645682,0.354318,INPP5D,0,intragenic,NA,NA,233981912,2,G,C,C,intron_variant,MODIFIER,INPP5D,ENSG00000168918,transcript,ENST00000359570,protein_coding,2/28,c.199-4905G>C,NA,NA,NA,NA,NA,NA,"NANANA"
chr2:233481912-234582577,2q37.1,10,rs35349669,2,234068476,C,T,INPP5D,0.488,1.08,3.2e-8,Lambert,INPP5D,C,T,0.3828673835125448,0.3828673835125448,T,0.368391,0.368391,INPP5D,0,intragenic,NA,NA,234068476,2,C,T,T,upstream_gene_variant,MODIFIER,INPP5D,ENSG00000168918,transcript,ENST00000435188,protein_coding,NA,c.-1894C>T,NA,NA,NA,NA,1894,WARNING_TRANSCRIPT_NO_START_CODON,"NANANA"
chr2:233481912-234582577,2q37.1,10,rs35349669,2,234068476,C,T,NA,0.512418,1.0670523138173715,3.575e-11,Marioni,INPP5D,C,T,0.3828673835125448,0.3828673835125448,T,0.368391,0.368391,INPP5D,0,intragenic,NA,NA,234068476,2,C,T,T,upstream_gene_variant,MODIFIER,INPP5D,ENSG00000168918,transcript,ENST00000435188,protein_coding,NA,c.-1894C>T,NA,NA,NA,NA,1894,WARNING_TRANSCRIPT_NO_START_CODON,"NANANA"
chr2:233481912-234582577,2q37.1,10,rs7597763,2,234082577,A,C,INPPD5,0.45,1.0088657494995,4.65e-9,Wightman,INPP5D,A,C,0.3827732926030984,0.3827732926030984,C,0.345228,0.345228,INPP5D,0,intragenic,NA,NA,234082577,2,A,C,C,intron_variant,MODIFIER,INPP5D,ENSG00000168918,transcript,ENST00000359570,protein_coding,19/28,c.1953+2779A>C,NA,NA,NA,NA,NA,NA,"NANANA"
chr3:56726150-57726150,3p14.3,11,rs184384746,3,57226150,C,T,HESX1,0.00110872,1.2219028265002123,1.237e-8,Jansen,NA,C,T,0.00137638962413975,0.00137638962413975,T,0.00105371,0.00105371,HESX1,5716,upstream,NA,NA,57226150,3,C,T,T,intergenic_region,MODIFIER,IL17RD-HESX1,ENSG00000144730-ENSG00000163666,intergenic_region,ENSG00000144730-ENSG00000163666,NA,NA,n.57226150C>T,NA,NA,NA,NA,NA,NA,"NANANA"
chr3:154287511-155301978,3q25.2,12,rs16824536,3,154787511,G,A,MME,0.054,0.92,3.6e-8,Bellenguez,MME,G,A,0.10705139930492044,0.10705139930492044,A,0.107111,0.107111,MME,0,intragenic,NA,NA,154787511,3,G,A,A,intron_variant,MODIFIER,MME,ENSG00000196549,transcript,ENST00000492661,protein_coding,1/22,c.-10-14436G>A,NA,NA,NA,NA,NA,NA,"NANANA"
chr3:154287511-155301978,3q25.2,13,rs61762319,3,154801978,A,G,MME,0.026,1.16,2.2e-11,Bellenguez,MME,A,G,0.02239215041385737,0.02239215041385737,G,0.0172227,0.0172227,MME,0,intragenic,NA,NA,154801978,3,A,G,G,missense_variant,MODERATE,MME,ENSG00000196549,transcript,ENST00000360490,protein_coding,2/23,c.22A>G,M8V,100/2360,22/2253,8/750,NA,NA,M8V
chr4:487343-1487343,4p16.3,14,rs3822030,4,987343,T,G,IDUA,0.429,0.95,8.3e-12,Bellenguez,IDUA/SLC26A1,T,G,0.44302265692583864,0.5569773430741614,T,0.472703,0.472703,IDUA,0,intragenic,NA,NA,987343,4,G,T,T,upstream_gene_variant,MODIFIER,SLC26A1,ENSG00000145217,transcript,ENST00000361661,protein_coding,NA,c.-497C>A,NA,NA,NA,NA,119,NA,"NANANA"
chr4:10514822-11526028,4p16.1,15,rs4504245,4,11014822,G,A,CLNK,0.20999999999999996,1.0121384194644645,5.23e-12,Wightman,NA,G,A,0.22624999999999995,0.77375,A,0.836088,0.16391199999999995,CLNK,328430,downstream,NA,NA,11014822,4,A,G,G,intergenic_region,MODIFIER,RP11-61G19.1-MIR572,ENSG00000249334-ENSG00000207716,intergenic_region,ENSG00000249334-ENSG00000207716,NA,NA,n.11014822A>G,NA,NA,NA,NA,NA,NA,"NANANA"
chr4:10514822-11526028,4p16.1,15,rs6846529,4,11025131,T,C,CLNK,0.283,1.07,2.2e-17,Bellenguez,NA,T,C,0.2799452046015317,0.7200547953984683,C,0.711626,0.288374,CLNK,338739,downstream,NA,NA,11025131,4,C,T,T,intergenic_region,MODIFIER,RP11-61G19.1-MIR572,ENSG00000249334-ENSG00000207716,intergenic_region,ENSG00000249334-ENSG00000207716,NA,NA,n.11025131C>T,NA,NA,NA,NA,NA,NA,"NANANA"
chr4:10514822-11526028,4p16.1,15,rs6448453,4,11026028,G,A,CLNK,0.262473,1.0148132821063018,1.97618453137e-9,Jansen,NA,G,A,0.2682234586635194,0.7317765413364806,A,0.790216,0.20978399999999997,CLNK,339636,downstream,NA,NA,11026028,4,A,G,G,intergenic_region,MODIFIER,RP11-61G19.1-MIR572,ENSG00000249334-ENSG00000207716,intergenic_region,ENSG00000249334-ENSG00000207716,NA,NA,n.11026028A>G,NA,NA,NA,NA,NA,NA,"NANANA"
chr4:39698846-40698846,4p14,16,rs2245466,4,40198846,C,G,RHOH,0.343,1.05,1.2e-9,Bellenguez,RHOH,C,G,0.3966780654616512,0.6033219345383488,G,0.691888,0.30811200000000005,RHOH,0,intragenic,NA,NA,40198846,4,G,C,C,5_prime_UTR_variant,MODIFIER,RHOH,ENSG00000168421,transcript,ENST00000381799,protein_coding,1/3,c.-405G>C,NA,NA,NA,NA,46161,NA,"NANANA"
chr5:14224413-15224413,5p15.2,17,rs112403360,5,14724413,T,A,ANKH,0.073,1.09,2.3e-9,Bellenguez,ANKH,T,A,0.07443091582848067,0.07443091582848067,A,0.079798,0.079798,ANKH,0,intragenic,NA,NA,14724413,5,T,A,A,intron_variant,MODIFIER,ANKH,ENSG00000154122,transcript,ENST00000284268,protein_coding,8/11,c.1012-7469A>T,NA,NA,NA,NA,NA,NA,"NANANA"
chr5:85723195-86723195,5q14.3,18,rs62374257,5,86223195,T,C,COX7C,0.23,1.07,1.4e-15,Bellenguez,NA,T,C,0.1991304347826087,0.1991304347826087,C,0.176786,0.176786,COX7C,306416,downstream,NA,NA,86223195,5,T,C,C,intergenic_region,MODIFIER,CTD-2161E19.1-RP11-72L22.1,ENSG00000242477-ENSG00000249061,intergenic_region,ENSG00000242477-ENSG00000249061,NA,NA,n.86223195T>C,NA,NA,NA,NA,NA,NA,"NANANA"
chr5:87723420-88723420,5q14.3,19,rs190982,5,88223420,A,G,MEF2C,0.408,0.93,3.2e-8,Lambert,MEF2C-AS1,A,G,0.37670934465166617,0.6232906553483338,G,0.731869,0.268131,MEF2C,23346,downstream,NA,NA,NA,NA,NA,NA,NA,NA,NA,NA,NA,NA,NA,NA,NA,NA,NA,NA,NA,NA,NA,NA,NA
chr5:149932388-150932388,5q33.1,20,rs871269,5,150432388,C,T,TNIP1,0.32,0.9919513999056452,1.37e-9,Wightman,TNIP1,C,T,0.3413739868776534,0.3413739868776534,T,0.365823,0.365823,TNIP1,0,intragenic,NA,NA,150432388,5,C,T,T,intron_variant,MODIFIER,TNIP1,ENSG00000145901,transcript,ENST00000315050,protein_coding,6/17,c.628-568G>A,NA,NA,NA,NA,NA,NA,"NANANA"
chr5:149932388-150932388,5q33.1,20,rs871269,5,150432388,C,T,TNIP1,0.326,0.96,8.7e-9,Bellenguez,TNIP1,C,T,0.3413739868776534,0.3413739868776534,T,0.365823,0.365823,TNIP1,0,intragenic,NA,NA,150432388,5,C,T,T,intron_variant,MODIFIER,TNIP1,ENSG00000145901,transcript,ENST00000315050,protein_coding,6/17,c.628-568G>A,NA,NA,NA,NA,NA,NA,"NANANA"
chr5:156026331-157026331,5q33.3,21,rs6891966,5,156526331,G,A,HAVCR2,0.23,0.9919618691766816,7.91e-10,Wightman,HAVCR2,G,A,0.22572789835892004,0.77427210164108,A,0.788058,0.21194199999999996,HAVCR2,0,intragenic,NA,NA,156526331,5,A,G,G,intron_variant,MODIFIER,HAVCR2,ENSG00000135077,transcript,ENST00000307851,protein_coding,3/6,c.479-419T>C,NA,NA,NA,NA,NA,NA,"NANANA"
chr5:179128150-180128150,5q35.3,22,rs113706587,5,179628150,G,A,RASGEF1C,0.11,1.09,2.2e-16,Bellenguez,RASGEF1C,G,A,0.10357004017105093,0.10357004017105093,A,0.0861354,0.0861354,RASGEF1C,0,intragenic,NA,NA,179628150,5,G,A,A,intron_variant,MODIFIER,RASGEF1C,ENSG00000146090,transcript,ENST00000361132,protein_coding,1/13,c.-7+7878C>T,NA,NA,NA,NA,NA,NA,"NANANA"
chr6:32075406-33083813,6p21.32,23,rs9271058,6,32575406,T,A,HLA-DRB1,0.27,1.1,1.4e-11,Kunkle,NA,T,A,0.26474082073434124,0.7352591792656588,NA,0.733237,0.266763,HLA-DRB1,17781,downstream,NA,NA,32575406,6,T,A,A,intergenic_region,MODIFIER,HLA-DRB1-HLA-DQA1,ENSG00000196126-ENSG00000196735,intergenic_region,ENSG00000196126-ENSG00000196735,NA,NA,n.32575406T>A,NA,NA,NA,NA,NA,NA,"NANANA"
chr6:32075406-33083813,6p21.32,23,rs9271192,6,32578530,A,C,HLA-DRB5â€“,0.276,1.11,2.9e-12,Lambert,NA,A,C,0.2709178559495967,0.7290821440504033,NA,0.734454,0.26554599999999995,HLA-DQA1,17426,upstream,NA,NA,32578530,6,A,C,C,intergenic_region,MODIFIER,HLA-DRB1-HLA-DQA1,ENSG00000196126-ENSG00000196735,intergenic_region,ENSG00000196126-ENSG00000196735,NA,NA,n.32578530A>C,NA,NA,NA,NA,NA,NA,"NANANA"
chr6:32075406-33083813,6p21.32,24,rs6605556,6,32583099,A,G,HLA-DQA1,0.161,0.91,7.1e-20,Bellenguez,NA,A,G,0.14833245103229223,0.14833245103229223,G,0.139967,0.139967,HLA-DQA1,12857,upstream,NA,NA,32583099,6,A,G,G,intergenic_region,MODIFIER,HLA-DRB1-HLA-DQA1,ENSG00000196126-ENSG00000196735,intergenic_region,ENSG00000196126-ENSG00000196735,NA,NA,n.32583099A>G,NA,NA,NA,NA,NA,NA,"NANANA"
chr6:32075406-33083813,6p21.32,24,rs6931277,6,32583357,A,T,HLA-DRB1,0.156437,0.980847326799156,7.3548952621e-11,Jansen,NA,A,T,0.1497558058407256,0.1497558058407256,T,0.139874,0.139874,HLA-DQA1,12599,upstream,NA,NA,32583357,6,A,T,T,intergenic_region,MODIFIER,HLA-DRB1-HLA-DQA1,ENSG00000196126-ENSG00000196735,intergenic_region,ENSG00000196126-ENSG00000196735,NA,NA,n.32583357A>T,NA,NA,NA,NA,NA,NA,"NANANA"
chr6:32075406-33083813,6p21.32,24,rs1846190,6,32583813,G,A,HLA-DRB1,0.3,0.9865620362637424,2.66e-14,Wightman,NA,G,A,0.2727341772151899,0.2727341772151899,A,0.268392,0.268392,HLA-DQA1,12143,upstream,NA,NA,32583813,6,G,A,A,intergenic_region,MODIFIER,HLA-DRB1-HLA-DQA1,ENSG00000196126-ENSG00000196735,intergenic_region,ENSG00000196126-ENSG00000196735,NA,NA,n.32583813G>A,NA,NA,NA,NA,NA,NA,"NANANA"
chr6:40442196-41654650,6p21.1,25,rs187370608,6,40942196,G,A,TREM2,0.00172467,1.2627251159060653,1.451e-16,Jansen,LOC101929555,G,A,0.00201164637374272,0.00201164637374272,A,0.00152925,0.00152925,UNC5CL,52438,upstream,TREM2,184048,40942196,6,G,A,A,intergenic_region,MODIFIER,RP11-570K4.1-UNC5CL,ENSG00000237947-ENSG00000124602,intergenic_region,ENSG00000237947-ENSG00000124602,NA,NA,n.40942196G>A,NA,NA,NA,NA,NA,NA,"NANANA"
chr6:40442196-41654650,6p21.1,25,rs187370608,6,40942196,G,A,TREM2,0.003,1.160017690079414,1.26e-25,Wightman,LOC101929555,G,A,0.00201164637374272,0.00201164637374272,A,0.00152925,0.00152925,UNC5CL,52438,upstream,TREM2,184048,40942196,6,G,A,A,intergenic_region,MODIFIER,RP11-570K4.1-UNC5CL,ENSG00000237947-ENSG00000124602,intergenic_region,ENSG00000237947-ENSG00000124602,NA,NA,n.40942196G>A,NA,NA,NA,NA,NA,NA,"NANANA"
chr6:40442196-41654650,6p21.1,26,rs10947943,6,41004093,G,A,UNC5CL,0.142,0.94,1.1e-9,Bellenguez,UNC5CL,G,A,0.12946459532561205,0.12946459532561205,A,0.11677,0.11677,UNC5CL,0,intragenic,TREM2,122151,41004093,6,G,A,A,upstream_gene_variant,MODIFIER,UNC5CL,ENSG00000124602,transcript,ENST00000373164,protein_coding,NA,c.-1280C>T,NA,NA,NA,NA,1219,NA,"NANANA"
chr6:40442196-41654650,6p21.1,25,rs114812713,6,41034000,G,C,OARD1,0.03,1.32,2.1e-13,Kunkle,OARD1,G,C,0.0041838730710715,0.0041838730710715,C,0.0134928,0.0134928,OARD1,0,intragenic,TREM2,92244,41034000,6,G,C,C,3_prime_UTR_variant,MODIFIER,OARD1,ENSG00000124596,transcript,ENST00000479950,protein_coding,6/6,c.*1074C>G,NA,NA,NA,NA,1074,NA,"NANANA"
chr6:40442196-41654650,6p21.1,27,rs143332484,6,41129207,C,T,TREM2,0.013,1.41,2.8e-25,Bellenguez,TREM2/LOC105375056,C,T,0.0096997193730383,0.0096997193730383,T,0.00859818,0.00859818,TREM2,0,intragenic,TREM2,0,41129207,6,C,T,T,missense_variant,MODERATE,TREM2,ENSG00000095970,transcript,ENST00000373113,protein_coding,2/5,c.185G>A,R62H,279/1044,185/693,62/230,NA,NA,R62H
chr6:40442196-41654650,6p21.1,25,rs75932628,6,41129252,C,T,TREM2,0.008,2.08,2.7e-15,Kunkle,TREM2/LOC105375056,C,T,0.00231798313391319,0.00231798313391319,T,0.00152857,0.00152857,TREM2,0,intragenic,TREM2,0,41129252,6,C,T,T,missense_variant,MODERATE,TREM2,ENSG00000095970,transcript,ENST00000373113,protein_coding,2/5,c.140G>A,R47H,234/1044,140/693,47/230,NA,NA,R47H
chr6:40442196-41654650,6p21.1,25,rs75932628,6,41129252,C,T,TREM2,0.003,2.39,2.5e-37,Bellenguez,TREM2/LOC105375056,C,T,0.00231798313391319,0.00231798313391319,T,0.00152857,0.00152857,TREM2,0,intragenic,TREM2,0,41129252,6,C,T,T,missense_variant,MODERATE,TREM2,ENSG00000095970,transcript,ENST00000373113,protein_coding,2/5,c.140G>A,R47H,234/1044,140/693,47/230,NA,NA,R47H
chr6:40442196-41654650,6p21.1,28,rs60755019,6,41149008,A,G,TREML2,0.004,1.55,2.1e-8,Bellenguez,LOC107986595,A,G,0.03541556379036527,0.03541556379036527,G,0.0578283,0.0578283,TREML2,8479,upstream,TREM2,18084,41149008,6,A,G,G,intergenic_region,MODIFIER,TREM2-TREML2,ENSG00000095970-ENSG00000112195,intergenic_region,ENSG00000095970-ENSG00000112195,NA,NA,n.41149008A>G,NA,NA,NA,NA,NA,NA,"NANANA"
chr6:40442196-41654650,6p21.1,26,rs9381040,6,41154650,C,T,NA,0.353016,0.942329761855924,1.546e-8,Marioni,LOC107986595,C,T,0.29942470333704846,0.29942470333704846,T,0.292515,0.292515,TREML2,2837,upstream,TREM2,23726,41154650,6,C,T,T,downstream_gene_variant,MODIFIER,TREML2,ENSG00000112195,transcript,ENST00000483722,protein_coding,NA,c.*5515G>A,NA,NA,NA,NA,3365,NA,"NANANA"
chr6:46931284-48052180,6p12.3,29,rs9473117,6,47431284,A,C,CD2AP,0.28,1.09,1.2e-10,Kunkle,NA,A,C,0.2514028586553732,0.2514028586553732,C,0.232244,0.232244,CD2AP,14241,upstream,NA,NA,47431284,6,A,C,C,intergenic_region,MODIFIER,AL355353.1-RP11-385F7.1,ENSG00000266330-ENSG00000270761,intergenic_region,ENSG00000266330-ENSG00000270761,NA,NA,n.47431284A>C,NA,NA,NA,NA,NA,NA,"NANANA"
chr6:46931284-48052180,6p12.3,29,rs9381563,6,47432637,T,C,NA,0.343526,1.0779919446893205,5.83e-14,Marioni,NA,T,C,0.3976708200993566,0.6023291799006434,C,0.583942,0.416058,CD2AP,12888,upstream,NA,NA,47432637,6,C,T,T,intergenic_region,MODIFIER,AL355353.1-RP11-385F7.1,ENSG00000266330-ENSG00000270761,intergenic_region,ENSG00000266330-ENSG00000270761,NA,NA,n.47432637C>T,NA,NA,NA,NA,NA,NA,"NANANA"
chr6:46931284-48052180,6p12.3,29,rs9381563,6,47432637,T,C,CD2AP,0.355744,1.0145564277393728,1.99407379087e-10,Jansen,NA,T,C,0.3976708200993566,0.6023291799006434,C,0.583942,0.416058,CD2AP,12888,upstream,NA,NA,47432637,6,C,T,T,intergenic_region,MODIFIER,AL355353.1-RP11-385F7.1,ENSG00000266330-ENSG00000270761,intergenic_region,ENSG00000266330-ENSG00000270761,NA,NA,n.47432637C>T,NA,NA,NA,NA,NA,NA,"NANANA"
chr6:46931284-48052180,6p12.3,29,rs7767350,6,47485126,C,T,CD2AP,0.271,1.08,7.900000000000001e-22,Bellenguez,CD2AP,C,T,0.24547379565907887,0.24547379565907887,T,0.224097,0.224097,CD2AP,0,intragenic,NA,NA,47485126,6,C,T,T,intron_variant,MODIFIER,CD2AP,ENSG00000198087,transcript,ENST00000359314,protein_coding,2/17,c.165+13950C>T,NA,NA,NA,NA,NA,NA,"NANANA"
chr6:46931284-48052180,6p12.3,29,rs10948363,6,47487762,A,G,CD2AP,0.266,1.1,5.2e-11,Lambert,CD2AP,A,G,0.2459626677852349,0.2459626677852349,G,0.224589,0.224589,CD2AP,0,intragenic,NA,NA,47487762,6,A,G,G,intron_variant,MODIFIER,CD2AP,ENSG00000198087,transcript,ENST00000359314,protein_coding,2/17,c.166-13576A>G,NA,NA,NA,NA,NA,NA,"NANANA"
chr6:46931284-48052180,6p12.3,29,rs9369716,6,47552180,A,T,CD2AP,0.27,1.010412565437362,1.7e-17,Wightman,CD2AP,A,T,0.12852416570771005,0.12852416570771005,T,0.219996,0.219996,CD2AP,0,intragenic,NA,NA,47552180,6,A,T,T,intron_variant,MODIFIER,CD2AP,ENSG00000198087,transcript,ENST00000359314,protein_coding,11/17,c.1108+2379A>T,NA,NA,NA,NA,NA,NA,"NANANA"
chr6:114112895-115112895,6q22.1,30,rs785129,6,114612895,C,T,HS3ST5,0.35,1.04,2.4e-9,Bellenguez,HS3ST5/HDAC2-AS2,C,T,0.3426321862485576,0.6573678137514424,T,0.670335,0.329665,HS3ST5,0,intragenic,NA,NA,114612895,6,T,C,C,intron_variant,MODIFIER,HS3ST5,ENSG00000249853,transcript,ENST00000312719,protein_coding,1/4,c.-339+50464A>G,NA,NA,NA,NA,NA,NA,"NANANA"
chr7:7356894-8744012,7p21.3,31,rs6943429,7,7856894,C,T,UMAD1,0.42,1.05,1e-10,Bellenguez,UMAD1,T,C,0.4956853156910686,0.4956853156910686,T,0.573761,0.426239,UMAD1,0,intragenic,NA,NA,7856894,7,T,C,C,intron_variant,MODIFIER,RPA3-AS1,ENSG00000219545,transcript,ENST00000406829,protein_coding,2/2,c.51+15520T>C,NA,NA,NA,NA,NA,NA,"NANANA"
chr7:7356894-8744012,7p21.3,32,rs10952097,7,8244012,C,T,ICA1,0.114,1.07,6.8e-9,Bellenguez,ICA1,C,T,0.12276981774264384,0.8772301822573562,T,0.785313,0.21468699999999996,ICA1,0,intragenic,NA,NA,8244012,7,T,C,C,intron_variant,MODIFIER,ICA1,ENSG00000003147,transcript,ENST00000422063,protein_coding,5/13,c.579+13923A>G,NA,NA,NA,NA,NA,NA,"NANANA"
chr7:11768758-12769593,7p21.3,33,rs5011436,7,12268758,A,C,TMEM106B,0.41,0.9926599605337938,2.7e-9,Wightman,TMEM106B,A,C,0.2723205602022953,0.2723205602022953,C,0.491712,0.491712,TMEM106B,0,intragenic,NA,NA,12268758,7,A,C,C,downstream_gene_variant,MODIFIER,TMEM106B,ENSG00000106460,transcript,ENST00000444443,protein_coding,NA,c.*4858A>C,NA,NA,NA,NA,4858,WARNING_TRANSCRIPT_NO_STOP_CODON,"NANANA"
chr7:11768758-12769593,7p21.3,33,rs13237518,7,12269593,C,A,TMEM106B,0.411,0.96,4.9e-11,Bellenguez,TMEM106B,C,A,0.2718285043069695,0.2718285043069695,C,0.500383,0.499617,TMEM106B,0,intragenic,NA,NA,12269593,7,C,A,A,intron_variant,MODIFIER,TMEM106B,ENSG00000106460,transcript,ENST00000396667,protein_coding,6/8,c.582+148C>A,NA,NA,NA,NA,NA,NA,"NANANA"
chr7:27668746-28668746,7p15.1,34,rs1160871,7,28168746,GTCTT,G,JAZF1,0.222,0.95,9.8e-9,Bellenguez,JAZF1,TCTTTCTT,TCTT,0.3179805615550756,0.3179805615550756,NA,0.4076,0.4076,JAZF1,0,intragenic,NA,NA,28168746,7,GTCTT,G,G,intron_variant,MODIFIER,JAZF1,ENSG00000153814,transcript,ENST00000283928,protein_coding,1/4,c.115+51332_115+51335delAAGA,NA,NA,NA,NA,NA,NA,"NANANA"
chr7:37341534-38383793,7p14.1,35,rs2718058,7,37841534,A,G,NME8,0.373,0.93,4.8e-9,Lambert,NA,A,G,0.3547949429540549,0.3547949429540549,G,0.389829,0.389829,GPR141,0,intragenic,NA,NA,37841534,7,A,G,G,intron_variant,MODIFIER,EPDR1,ENSG00000086289,transcript,ENST00000476620,protein_coding,1/3,c.-109-55342A>G,NA,NA,NA,NA,NA,NA,"NANANA"
chr7:37341534-38383793,7p14.1,35,rs6966331,7,37883793,C,T,EPDR1,0.349,0.96,4.6e-10,Bellenguez,NA,C,T,0.4134050338174964,0.5865949661825036,T,0.538513,0.461487,EPDR1,0,intragenic,NA,NA,37883793,7,T,C,C,upstream_gene_variant,MODIFIER,NME8,ENSG00000086288,transcript,ENST00000199447,protein_coding,NA,c.-4778T>C,NA,NA,NA,NA,4406,NA,"NANANA"
chr7:54441328-55441328,7p11.2,36,rs76928645,7,54941328,C,T,SEC61G,0.103,0.93,1.6e-10,Bellenguez,NA,C,T,0.10174695606140816,0.10174695606140816,T,0.0824716,0.0824716,SEC61G,113661,downstream,NA,NA,54941328,7,C,T,T,intergenic_region,MODIFIER,SNORA73-RP4-791C19.1,ENSG00000252054-ENSG00000218586,intergenic_region,ENSG00000252054-ENSG00000218586,NA,NA,n.54941328C>T,NA,NA,NA,NA,NA,NA,"NANANA"
chr7:99432049-100591795,7q22.1,37,rs7384878,7,99932049,T,C,ZCWPW1/NYAP1,0.31000000000000005,0.9892311082190612,9.41e-16,Wightman,PMS2P1/STAG3L5P/STAG3L5P-PVRIG2P-PILRB,T,C,0.2887771307570143,0.7112228692429857,C,0.719455,0.28054500000000004,SPDYE3,12230,downstream,PILRA,33104,99932049,7,C,T,T,upstream_gene_variant,MODIFIER,PILRB,ENSG00000121716,transcript,ENST00000610247,protein_coding,NA,c.-4184C>T,NA,NA,NA,NA,1688,NA,"NANANA"
chr7:99432049-100591795,7q22.1,37,rs7384878,7,99932049,T,C,SPDYE3,0.31,0.92,1.1e-26,Bellenguez,PMS2P1/STAG3L5P/STAG3L5P-PVRIG2P-PILRB,T,C,0.2887771307570143,0.7112228692429857,C,0.719455,0.28054500000000004,SPDYE3,12230,downstream,PILRA,33104,99932049,7,C,T,T,upstream_gene_variant,MODIFIER,PILRB,ENSG00000121716,transcript,ENST00000610247,protein_coding,NA,c.-4184C>T,NA,NA,NA,NA,1688,NA,"NANANA"
chr7:99432049-100591795,7q22.1,37,rs1859788,7,99971834,G,A,ZCWPW1,0.32433,0.981772431882832,1.80481184772e-15,Jansen,PILRA,G,A,0.31364583065490725,0.6863541693450927,A,0.719668,0.280332,PILRA,0,intragenic,PILRA,0,99971834,7,A,G,G,missense_variant,MODERATE,PILRA,ENSG00000085514,transcript,ENST00000198536,protein_coding,2/7,c.232A>G,R78G,444/1313,232/912,78/303,NA,NA,G78R
chr7:99432049-100591795,7q22.1,37,rs1476679,7,100004446,T,C,ZCWPW1,0.287,0.91,5.6e-10,Lambert,ZCWPW1,T,C,0.2789546422583715,0.7210453577416285,C,0.774949,0.225051,ZCWPW1,0,intragenic,PILRA,6727,100004446,7,C,T,T,intron_variant,MODIFIER,ZCWPW1,ENSG00000078487,transcript,ENST00000398027,protein_coding,11/17,c.1066-25G>A,NA,NA,NA,NA,NA,NA,"NANANA"
chr7:99432049-100591795,7q22.1,37,rs1476679,7,100004446,T,C,NA,0.27012800000000003,0.9112846242022895,9.925e-19,Marioni,ZCWPW1,T,C,0.2789546422583715,0.7210453577416285,C,0.774949,0.225051,ZCWPW1,0,intragenic,PILRA,6727,100004446,7,C,T,T,intron_variant,MODIFIER,ZCWPW1,ENSG00000078487,transcript,ENST00000398027,protein_coding,11/17,c.1066-25G>A,NA,NA,NA,NA,NA,NA,"NANANA"
chr7:99432049-100591795,7q22.1,37,rs12539172,7,100091795,C,T,NYAP1g,0.303,0.92,9.3e-10,Kunkle,NYAP1,C,T,0.2992194793634252,0.7007805206365748,T,0.750097,0.249903,NYAP1,0,intragenic,PILRA,94076,100091795,7,T,C,C,3_prime_UTR_variant,MODIFIER,NYAP1,ENSG00000166924,transcript,ENST00000423930,protein_coding,7/7,c.*269T>C,NA,NA,NA,NA,269,NA,"NANANA"
chr7:142599133-143610762,7q34,38,rs10808026,7,143099133,C,A,EPHA1,0.199,0.9,1.3e-10,Kunkle,EPHA1,C,A,0.19560614081524616,0.19560614081524616,A,0.186031,0.186031,EPHA1,0,intragenic,EPHA1,0,143099133,7,C,A,A,intron_variant,MODIFIER,EPHA1,ENSG00000146904,transcript,ENST00000275815,protein_coding,2/17,c.151-435G>T,NA,NA,NA,NA,NA,NA,"NANANA"
chr7:142599133-143610762,7q34,38,rs10808026,7,143099133,C,A,NA,0.204181,0.9106469481779949,1.127e-14,Marioni,EPHA1,C,A,0.19560614081524616,0.19560614081524616,A,0.186031,0.186031,EPHA1,0,intragenic,EPHA1,0,143099133,7,C,A,A,intron_variant,MODIFIER,EPHA1,ENSG00000146904,transcript,ENST00000275815,protein_coding,2/17,c.151-435G>T,NA,NA,NA,NA,NA,NA,"NANANA"
chr7:142599133-143610762,7q35,38,rs3935067,7,143104331,G,C,EPHA1-AS1,0.38,1.0090297843670943,4.69e-11,Wightman,EPHA1/EPHA1-AS1,G,C,0.2989941768131286,0.2989941768131286,C,0.251917,0.251917,EPHA1,0,intragenic,EPHA1,0,143104331,7,G,C,C,intron_variant,MODIFIER,EPHA1,ENSG00000146904,transcript,ENST00000275815,protein_coding,2/17,c.150+373C>G,NA,NA,NA,NA,NA,NA,"NANANA"
chr7:142599133-143610762,7q35,38,rs7810606,7,143108158,C,T,EPHA1,0.485387,0.9855862180404492,2.89123983318e-11,Jansen,EPHA1-AS1,T,C,0.3810124127230411,0.3810124127230411,C,0.423239,0.423239,EPHA1,2209,downstream,EPHA1,2209,143108158,7,T,C,C,upstream_gene_variant,MODIFIER,EPHA1,ENSG00000146904,transcript,ENST00000275815,protein_coding,NA,c.-2260A>G,NA,NA,NA,NA,2173,NA,"NANANA"
chr7:142599133-143610762,7q35,38,rs11771145,7,143110762,G,A,EPHA1,0.338,0.9,1.1e-13,Lambert,EPHA1-AS1,G,A,0.35160497745801667,0.35160497745801667,A,0.419696,0.419696,EPHA1,4813,downstream,EPHA1,4813,143110762,7,G,A,A,upstream_gene_variant,MODIFIER,EPHA1,ENSG00000146904,transcript,ENST00000275815,protein_coding,NA,c.-4864C>T,NA,NA,NA,NA,4777,NA,"NANANA"
chr7:142599133-143610762,7q35,38,rs11771145,7,143110762,G,A,EPHA1,0.348,0.95,3.3e-14,Bellenguez,EPHA1-AS1,G,A,0.35160497745801667,0.35160497745801667,A,0.419696,0.419696,EPHA1,4813,downstream,EPHA1,4813,143110762,7,G,A,A,upstream_gene_variant,MODIFIER,EPHA1,ENSG00000146904,transcript,ENST00000275815,protein_coding,NA,c.-4864C>T,NA,NA,NA,NA,4777,NA,"NANANA"
chr7:145450029-146450029,7q35,39,rs114360492,7,145950029,C,T,CNTNAP2,0.00153988,1.1958224440617191,2.0959999999999998e-09,Jansen,CNTNAP2,C,T,0.01151178918169209,0.01151178918169209,T,0.0130925,0.0130925,CNTNAP2,0,intragenic,NA,NA,145950029,7,C,T,T,intron_variant,MODIFIER,CNTNAP2,ENSG00000174469,transcript,ENST00000361727,protein_coding,1/23,c.97+135964C>T,NA,NA,NA,NA,NA,NA,"NANANA"
chr8:11202122-12202122,8p23.1,40,rs1065712,8,11702122,G,C,CTSB,0.053,1.09,1.9e-9,Bellenguez,CTSB,G,C,0.05892006352567496,0.05892006352567496,C,0.0530979,0.0530979,CTSB,0,intragenic,NA,NA,11702122,8,G,C,C,3_prime_UTR_variant,MODIFIER,CTSB,ENSG00000164733,transcript,ENST00000345125,protein_coding,11/11,c.*512C>G,NA,NA,NA,NA,512,NA,"NANANA"
chr8:26695121-27967686,8p21.2,41,rs28834970,8,27195121,T,C,PTK2B,0.366,1.1,7.4e-14,Lambert,PTK2B,T,C,0.31596057046979864,0.31596057046979864,C,0.311515,0.311515,PTK2B,0,intragenic,NA,NA,27195121,8,T,C,C,intron_variant,MODIFIER,PTK2B,ENSG00000120899,transcript,ENST00000346049,protein_coding,1/30,c.-38+11923T>C,NA,NA,NA,NA,NA,NA,"NANANA"
chr8:26695121-27967686,8p21.2,41,rs73223431,8,27219987,C,T,PTK2B,0.367,1.1,6.3e-14,Kunkle,PTK2B,C,T,0.19166285627190977,0.19166285627190977,T,0.311448,0.311448,PTK2B,0,intragenic,NA,NA,27219987,8,C,T,T,intron_variant,MODIFIER,PTK2B,ENSG00000120899,transcript,ENST00000346049,protein_coding,1/30,c.-37-35078C>T,NA,NA,NA,NA,NA,NA,"NANANA"
chr8:26695121-27967686,8p21.2,41,rs73223431,8,27219987,C,T,PTK2B,0.369,1.07,4e-22,Bellenguez,PTK2B,C,T,0.19166285627190977,0.19166285627190977,T,0.311448,0.311448,PTK2B,0,intragenic,NA,NA,27219987,8,C,T,T,intron_variant,MODIFIER,PTK2B,ENSG00000120899,transcript,ENST00000346049,protein_coding,1/30,c.-37-35078C>T,NA,NA,NA,NA,NA,NA,"NANANA"
chr8:26695121-27967686,8p21.1,42,rs4236673,8,27464929,G,A,NA,0.38929,0.8958325868061777,1.065e-28,Marioni,CLU,G,A,0.336228813559322,0.663771186440678,A,0.700579,0.29942100000000005,CLU,0,intragenic,NA,NA,27464929,8,A,G,G,upstream_gene_variant,MODIFIER,CLU,ENSG00000120885,transcript,ENST00000522098,protein_coding,NA,c.-2074T>C,NA,NA,NA,NA,2073,WARNING_TRANSCRIPT_NO_START_CODON,"NANANA"
chr8:26695121-27967686,8p21.1,42,rs4236673,8,27464929,G,A,CLU/PTK2B,0.377826,0.9800404497416008,1.4801200609000002e-19,Jansen,CLU,G,A,0.336228813559322,0.663771186440678,A,0.700579,0.29942100000000005,CLU,0,intragenic,NA,NA,27464929,8,A,G,G,upstream_gene_variant,MODIFIER,CLU,ENSG00000120885,transcript,ENST00000522098,protein_coding,NA,c.-2074T>C,NA,NA,NA,NA,2073,WARNING_TRANSCRIPT_NO_START_CODON,"NANANA"
chr8:26695121-27967686,8p21.1,42,rs11787077,8,27465312,C,T,CLU,0.392,0.91,1.6999999999999998e-44,Bellenguez,CLU,C,T,0.4133841592545532,0.5866158407454468,T,0.573665,0.426335,CLU,0,intragenic,NA,NA,27465312,8,T,C,C,upstream_gene_variant,MODIFIER,CLU,ENSG00000120885,transcript,ENST00000522098,protein_coding,NA,c.-2457A>G,NA,NA,NA,NA,2456,WARNING_TRANSCRIPT_NO_START_CODON,"NANANA"
chr8:26695121-27967686,8p21.1,42,rs1532278,8,27466315,C,T,CLU,0.39,0.9875238306294974,1.57e-22,Wightman,CLU,C,T,0.3741464431122368,0.6258535568877632,T,0.680899,0.31910099999999997,CLU,0,intragenic,NA,NA,27466315,8,T,C,C,upstream_gene_variant,MODIFIER,CLU,ENSG00000120885,transcript,ENST00000522098,protein_coding,NA,c.-3460A>G,NA,NA,NA,NA,3459,WARNING_TRANSCRIPT_NO_START_CODON,"NANANA"
chr8:26695121-27967686,8p21.1,42,rs9331896,8,27467686,T,C,CLU,0.379,0.86,2.8e-25,Lambert,CLU/MIR6843,T,C,0.4212722472962616,0.5787277527037384,C,0.569712,0.430288,CLU,0,intragenic,NA,NA,27467686,8,C,T,T,upstream_gene_variant,MODIFIER,CLU,ENSG00000120885,transcript,ENST00000522098,protein_coding,NA,c.-4831G>A,NA,NA,NA,NA,4830,WARNING_TRANSCRIPT_NO_START_CODON,"NANANA"
chr8:26695121-27967686,8p21.1,42,rs9331896,8,27467686,T,C,CLU,0.387,0.88,4.599999999999999e-24,Kunkle,CLU/MIR6843,T,C,0.4212722472962616,0.5787277527037384,C,0.569712,0.430288,CLU,0,intragenic,NA,NA,27467686,8,C,T,T,upstream_gene_variant,MODIFIER,CLU,ENSG00000120885,transcript,ENST00000522098,protein_coding,NA,c.-4831G>A,NA,NA,NA,NA,4830,WARNING_TRANSCRIPT_NO_START_CODON,"NANANA"
chr8:144608151-145658607,8q24.3,43,rs61732533,8,145108151,G,A,SHARPIN,0.05000000000000004,1.0153921466262783,3.14e-9,Wightman,OPLAH,G,A,0.04597229815928558,0.04597229815928558,A,0.0329443,0.0329443,OPLAH,0,intragenic,NA,NA,145108151,8,G,A,A,synonymous_variant,LOW,OPLAH,ENSG00000178814,transcript,ENST00000426825,protein_coding,20/28,c.2832C>T,Y944Y,2914/4008,2832/3867,944/1288,NA,NA,Y944Y
chr8:144608151-145658607,8q24.3,44,rs34173062,8,145158607,G,A,SHARPIN,0.081,1.13,1.7e-16,Bellenguez,SHARPIN/MAF1,G,A,0.06324769562659345,0.06324769562659345,A,0.0550397,0.0550397,SHARPIN,0,intragenic,NA,NA,145158607,8,G,A,A,missense_variant,MODERATE,SHARPIN,ENSG00000179526,transcript,ENST00000398712,protein_coding,1/9,c.50C>T,S17F,487/1765,50/1164,17/387,NA,NA,S17F
chr9:107165978-108165978,9q31.1,100,rs1800978,9,107665978,C,G,ABCA1,0.13,1.06,1.6e-9,Bellenguez,ABCA1,C,G,0.07574558974764654,0.07574558974764654,G,0.097707,0.097707,ABCA1,0,intragenic,NA,NA,107665978,9,C,G,G,5_prime_UTR_variant,MODIFIER,ABCA1,ENSG00000165029,transcript,ENST00000374736,protein_coding,2/50,c.-18G>C,NA,NA,NA,NA,18,NA,"NANANA"
chr10:11217397-12220308,10p14,45,rs11257238,10,11717397,T,C,ECHDC3,0.360964,1.0130275024809925,1.04208680137e-8,Jansen,LOC105376412/LOC105376413,T,C,0.32930836208312797,0.32930836208312797,C,0.301525,0.301525,USP6NL,63732,downstream,NA,NA,11717397,10,T,C,C,intergenic_region,MODIFIER,RP11-138I18.1-RP11-138I18.2,ENSG00000271360-ENSG00000271046,intergenic_region,ENSG00000271360-ENSG00000271046,NA,NA,n.11717397T>C,NA,NA,NA,NA,NA,NA,"NANANA"
chr10:11217397-12220308,10p14,45,rs7912495,10,11718713,A,G,USP6NL/ECHDC3,0.46,1.0087965331445357,7.68e-15,Wightman,LOC105376412/LOC105376413,A,G,0.4457663166290044,0.4457663166290044,G,0.427167,0.427167,USP6NL,65048,downstream,NA,NA,11718713,10,A,G,G,intergenic_region,MODIFIER,RP11-138I18.1-RP11-138I18.2,ENSG00000271360-ENSG00000271046,intergenic_region,ENSG00000271360-ENSG00000271046,NA,NA,n.11718713A>G,NA,NA,NA,NA,NA,NA,"NANANA"
chr10:11217397-12220308,10p14,45,rs7912495,10,11718713,A,G,USP6NL,0.462,1.06,9.7e-19,Bellenguez,LOC105376412/LOC105376413,A,G,0.4457663166290044,0.4457663166290044,G,0.427167,0.427167,USP6NL,65048,downstream,NA,NA,11718713,10,A,G,G,intergenic_region,MODIFIER,RP11-138I18.1-RP11-138I18.2,ENSG00000271360-ENSG00000271046,intergenic_region,ENSG00000271360-ENSG00000271046,NA,NA,n.11718713A>G,NA,NA,NA,NA,NA,NA,"NANANA"
chr10:11217397-12220308,10p14,45,rs7920721,10,11720308,A,G,ECHDC3,0.39,1.08,1.8e-11,Kunkle,LOC105376412/LOC105376413,A,G,0.36511280730057066,0.36511280730057066,G,0.319341,0.319341,ECHDC3,64057,upstream,NA,NA,11720308,10,A,G,G,intergenic_region,MODIFIER,RP11-138I18.1-RP11-138I18.2,ENSG00000271360-ENSG00000271046,intergenic_region,ENSG00000271360-ENSG00000271046,NA,NA,n.11720308A>G,NA,NA,NA,NA,NA,NA,"NANANA"
chr10:11217397-12220308,10p14,45,rs7920721,10,11720308,A,G,NA,0.393236,1.06791,3.167e-11,Marioni,LOC105376412/LOC105376413,A,G,0.36511280730057066,0.36511280730057066,G,0.319341,0.319341,ECHDC3,64057,upstream,NA,NA,11720308,10,A,G,G,intergenic_region,MODIFIER,RP11-138I18.1-RP11-138I18.2,ENSG00000271360-ENSG00000271046,intergenic_region,ENSG00000271360-ENSG00000271046,NA,NA,n.11720308A>G,NA,NA,NA,NA,NA,NA,"NANANA"
chr10:61238152-62284928,10q21.2,46,rs7902657,10,61738152,G,T,CCDC6,0.54,1.007383982404875,3.68e-8,Wightman,NA,G,T,0.3787260106165782,0.3787260106165782,G,0.50436,0.49564,ANK3,47904,upstream,NA,NA,61738152,10,G,T,T,intergenic_region,MODIFIER,C10orf40-ANK3,ENSG00000235931-ENSG00000151150,intergenic_region,ENSG00000235931-ENSG00000151150,NA,NA,n.61738152G>T,NA,NA,NA,NA,NA,NA,"NANANA"
chr10:61238152-62284928,10q21.2,46,rs7068231,10,61784928,G,T,ANK3,0.403,0.95,3.3e-13,Bellenguez,NA,G,T,0.4169631469423374,0.5830368530576626,T,0.616139,0.383861,ANK3,1128,upstream,NA,NA,61784928,10,T,G,G,downstream_gene_variant,MODIFIER,ANK3,ENSG00000151150,transcript,ENST00000280772,protein_coding,NA,c.*4676A>C,NA,NA,NA,NA,1128,NA,"NANANA"
chr10:81753984-82753984,10q23.1,47,rs6586028,10,82253984,T,C,TSPAN14,0.196,0.93,2e-19,Bellenguez,TSPAN14,T,C,0.1861192493467416,0.8138807506532584,C,0.845293,0.15470700000000004,TSPAN14,0,intragenic,NA,NA,82253984,10,C,T,T,intron_variant,MODIFIER,TSPAN14,ENSG00000108219,transcript,ENST00000372156,protein_coding,5/11,c.81+4914C>T,NA,NA,NA,NA,NA,NA,"NANANA"
chr10:97526407-98526407,10q24.1,48,rs6584063,10,98026407,A,G,BLNK,0.043,0.89,6.7e-11,Bellenguez,BLNK,A,G,0.0451561672842774,0.9548438327157226,G,0.955223,0.04477699999999995,BLNK,0,intragenic,NA,NA,98026407,10,G,A,A,intron_variant,MODIFIER,BLNK,ENSG00000095585,transcript,ENST00000224337,protein_coding,1/16,c.47+4702C>T,NA,NA,NA,NA,NA,NA,"NANANA"
chr10:123672912-124672912,10q26.13,49,rs7908662,10,124172912,A,G,PLEKHA1,0.467,0.96,2.6e-9,Bellenguez,PLEKHA1,A,G,0.496929592376919,0.496929592376919,G,0.497692,0.497692,PLEKHA1,0,intragenic,NA,NA,124172912,10,A,G,G,downstream_gene_variant,MODIFIER,PLEKHA1,ENSG00000107679,transcript,ENST00000463663,protein_coding,NA,c.*420A>G,NA,NA,NA,NA,420,WARNING_TRANSCRIPT_NO_STOP_CODON,"NANANA"
chr11:46880340-48057871,11p11.2,50,rs3740688,11,47380340,T,G,SPI1h,0.448,0.92,5.4e-13,Kunkle,SPI1,G,T,0.4834110075454949,0.4834110075454949,G,0.604291,0.395709,SPI1,0,intragenic,SPI1,0,47380340,11,G,T,T,missense_variant,MODERATE,SPI1,ENSG00000066336,transcript,ENST00000533968,protein_coding,4/4,c.548C>A,A183D,682/1290,548/738,183/245,NA,NA,A183D
chr11:46880340-48057871,11p11.2,50,rs3740688,11,47380340,G,T,MADD/SPI1,0.54,1.0086275130832252,8.78e-9,Wightman,SPI1,G,T,0.4834110075454949,0.4834110075454949,G,0.604291,0.395709,SPI1,0,intragenic,SPI1,0,47380340,11,G,T,T,missense_variant,MODERATE,SPI1,ENSG00000066336,transcript,ENST00000533968,protein_coding,4/4,c.548C>A,A183D,682/1290,548/738,183/245,NA,NA,A183D
chr11:46880340-48057871,11p11.2,50,rs10437655,11,47391948,G,A,SPI1,0.399,1.06,5.3e-14,Bellenguez,SPI1,G,A,0.3519867549668874,0.3519867549668874,A,0.35419,0.35419,SPI1,0,intragenic,SPI1,0,47391948,11,G,A,A,intron_variant,MODIFIER,SPI1,ENSG00000066336,transcript,ENST00000227163,protein_coding,2/4,c.145+5236C>T,NA,NA,NA,NA,NA,NA,"NANANA"
chr11:46880340-48057871,11p11.2,50,rs12292911,11,47449072,G,A,NA,0.368736,1.058867562732107,3.304e-9,Marioni,PSMC3,G,A,0.3775991566741336,0.3775991566741336,A,0.314447,0.314447,PSMC3,1048,downstream,SPI1,48974,47449072,11,G,A,A,upstream_gene_variant,MODIFIER,PSMC3,ENSG00000165916,transcript,ENST00000298852,protein_coding,NA,c.-1242C>T,NA,NA,NA,NA,1084,NA,"NANANA"
chr11:46880340-48057871,11p11.2,50,rs10838725,11,47557871,T,C,CELF1,0.316,1.08,1.1e-8,Lambert,CELF1,T,C,0.25849655902593965,0.25849655902593965,C,0.224386,0.224386,CELF1,0,intragenic,SPI1,157773,47557871,11,T,C,C,intron_variant,MODIFIER,CELF1,ENSG00000149187,transcript,ENST00000531165,protein_coding,1/15,c.-154+16673A>G,NA,NA,NA,NA,NA,NA,"NANANA"
chr11:59423508-60521948,11q12.2,51,rs983392,11,59923508,A,G,MS4A6A,0.403,0.9,6.1e-16,Lambert,NA,A,G,0.3358390682901006,0.3358390682901006,G,0.274674,0.274674,MS4A6A,15980,upstream,MS4A6A,15980,59923508,11,A,G,G,intergenic_region,MODIFIER,MS4A2-AP001257.1,ENSG00000149534-ENSG00000254952,intergenic_region,ENSG00000149534-ENSG00000254952,NA,NA,n.59923508A>G,NA,NA,NA,NA,NA,NA,"NANANA"
chr11:59423508-60521948,11q12.2,51,rs7933202,11,59936926,A,C,MS4A2,0.391,0.89,1.9e-19,Kunkle,NA,A,C,0.319640021175225,0.319640021175225,C,0.261969,0.261969,MS4A6A,2562,upstream,MS4A6A,2562,59936926,11,A,C,C,downstream_gene_variant,MODIFIER,MS4A6A,ENSG00000110077,transcript,ENST00000529054,protein_coding,NA,c.*2705T>G,NA,NA,NA,NA,2594,NA,"NANANA"
chr11:59423508-60521948,11q12.2,51,rs2081545,11,59958380,C,A,MS4A6A,0.382122,0.9822886957569568,1.10698552532e-15,Jansen,NA,C,A,0.21413259837697135,0.21413259837697135,A,0.290974,0.290974,MS4A4A,0,intragenic,MS4A6A,6241,59958380,11,C,A,A,intergenic_region,MODIFIER,MS4A6A-MS4A4E,ENSG00000110077-ENSG00000214787,intergenic_region,ENSG00000110077-ENSG00000214787,NA,NA,n.59958380C>A,NA,NA,NA,NA,NA,NA,"NANANA"
chr11:59423508-60521948,11q12.2,51,rs1582763,11,60021948,G,A,NA,0.32763,0.916127254344654,1.0059999999999999e-18,Marioni,NA,G,A,0.3671928002769124,0.3671928002769124,A,0.260865,0.260865,MS4A4A,0,intragenic,MS4A6A,69809,60021948,11,G,A,A,intergenic_region,MODIFIER,MS4A4E-MS4A4A,ENSG00000214787-ENSG00000110079,intergenic_region,ENSG00000214787-ENSG00000110079,NA,NA,n.60021948G>A,NA,NA,NA,NA,NA,NA,"NANANA"
chr11:59423508-60521948,11q12.2,51,rs1582763,11,60021948,G,A,MS4A4A,0.38,0.98503656768169,3.4e-33,Wightman,NA,G,A,0.3671928002769124,0.3671928002769124,A,0.260865,0.260865,MS4A4A,0,intragenic,MS4A6A,69809,60021948,11,G,A,A,intergenic_region,MODIFIER,MS4A4E-MS4A4A,ENSG00000214787-ENSG00000110079,intergenic_region,ENSG00000214787-ENSG00000110079,NA,NA,n.60021948G>A,NA,NA,NA,NA,NA,NA,"NANANA"
chr11:59423508-60521948,11q12.2,51,rs1582763,11,60021948,G,A,MS4A4A,0.371,0.91,3.7e-42,Bellenguez,NA,G,A,0.3671928002769124,0.3671928002769124,A,0.260865,0.260865,MS4A4A,0,intragenic,MS4A6A,69809,60021948,11,G,A,A,intergenic_region,MODIFIER,MS4A4E-MS4A4A,ENSG00000214787-ENSG00000110079,intergenic_region,ENSG00000214787-ENSG00000110079,NA,NA,n.60021948G>A,NA,NA,NA,NA,NA,NA,"NANANA"
chr11:85276544-86368640,11q14.2,52,rs867611,11,85776544,A,G,PICALM,0.317416,0.9797783409014386,1.48189212068e-18,Jansen,PICALM,A,G,0.28470089994706194,0.7152991000529381,G,0.730376,0.269624,PICALM,0,intragenic,PICALM,0,85776544,11,G,A,A,intron_variant,MODIFIER,PICALM,ENSG00000073921,transcript,ENST00000393346,protein_coding,1/19,c.130+3149C>T,NA,NA,NA,NA,NA,NA,"NANANA"
chr11:85276544-86368640,11q14.2,52,rs561655,11,85800279,A,G,PICALM,0.35,0.9857901497387939,1.24e-26,Wightman,NA,A,G,0.3487126847092529,0.6512873152907471,G,0.695311,0.304689,PICALM,19355,downstream,PICALM,19355,85800279,11,G,A,A,intergenic_region,MODIFIER,PICALM-snoU13,ENSG00000073921-ENSG00000238666,intergenic_region,ENSG00000073921-ENSG00000238666,NA,NA,n.85800279G>A,NA,NA,NA,NA,NA,NA,"NANANA"
chr11:85276544-86368640,11q14.2,52,rs10792832,11,85867875,G,A,PICALM,0.358,0.87,9.3e-26,Lambert,NA,G,A,0.2987866531850354,0.7012133468149646,A,0.700249,0.299751,PICALM,86951,downstream,PICALM,86951,85867875,11,A,G,G,intergenic_region,MODIFIER,RNU6-560P-RP11-12D16.2,ENSG00000200877-ENSG00000254699,intergenic_region,ENSG00000200877-ENSG00000254699,NA,NA,n.85867875A>G,NA,NA,NA,NA,NA,NA,"NANANA"
chr11:85276544-86368640,11q14.2,52,rs10792832,11,85867875,G,A,NA,0.33272500000000005,0.8838216447920809,5.0760000000000006e-36,Marioni,NA,G,A,0.2987866531850354,0.7012133468149646,A,0.700249,0.299751,PICALM,86951,downstream,PICALM,86951,85867875,11,A,G,G,intergenic_region,MODIFIER,RNU6-560P-RP11-12D16.2,ENSG00000200877-ENSG00000254699,intergenic_region,ENSG00000200877-ENSG00000254699,NA,NA,n.85867875A>G,NA,NA,NA,NA,NA,NA,"NANANA"
chr11:85276544-86368640,11q14.2,52,rs3851179,11,85868640,C,T,PICALM,0.356,0.88,6e-25,Kunkle,NA,C,T,0.3610517019717159,0.6389482980282841,T,0.694928,0.305072,EED,87155,upstream,PICALM,87716,85868640,11,T,C,C,intergenic_region,MODIFIER,RNU6-560P-RP11-12D16.2,ENSG00000200877-ENSG00000254699,intergenic_region,ENSG00000200877-ENSG00000254699,NA,NA,n.85868640T>C,NA,NA,NA,NA,NA,NA,"NANANA"
chr11:85276544-86368640,11q14.2,52,rs3851179,11,85868640,C,T,EED,0.358,0.9,3e-48,Bellenguez,NA,C,T,0.3610517019717159,0.6389482980282841,T,0.694928,0.305072,EED,87155,upstream,PICALM,87716,85868640,11,T,C,C,intergenic_region,MODIFIER,RNU6-560P-RP11-12D16.2,ENSG00000200877-ENSG00000254699,intergenic_region,ENSG00000200877-ENSG00000254699,NA,NA,n.85868640T>C,NA,NA,NA,NA,NA,NA,"NANANA"
chr11:120853077-121935587,11q24.1,53,rs74685827,11,121353077,T,G,SORL1,0.019,1.19,2.8e-11,Bellenguez,SORL1/LOC105369535,T,G,0.01646690984887962,0.01646690984887962,G,0.0176489,0.0176489,SORL1,0,intragenic,SORL1,0,121353077,11,T,G,G,intron_variant,MODIFIER,SORL1,ENSG00000137642,transcript,ENST00000260197,protein_coding,3/47,c.528+4125T>G,NA,NA,NA,NA,NA,NA,"NANANA"
chr11:120853077-121935587,11q24.1,54,rs11218343,11,121435587,T,C,SORL1,0.039,0.77,9.7e-15,Lambert,SORL1,T,C,0.02727790896506799,0.02727790896506799,C,0.0645089,0.0645089,SORL1,0,intragenic,SORL1,0,121435587,11,T,C,C,upstream_gene_variant,MODIFIER,SORL1,ENSG00000137642,transcript,ENST00000525532,protein_coding,NA,c.-2085T>C,NA,NA,NA,NA,1847,NA,"NANANA"
chr11:120853077-121935587,11q24.1,54,rs11218343,11,121435587,T,C,SORL1,0.04,0.8,2.9e-12,Kunkle,SORL1,T,C,0.02727790896506799,0.02727790896506799,C,0.0645089,0.0645089,SORL1,0,intragenic,SORL1,0,121435587,11,T,C,C,upstream_gene_variant,MODIFIER,SORL1,ENSG00000137642,transcript,ENST00000525532,protein_coding,NA,c.-2085T>C,NA,NA,NA,NA,1847,NA,"NANANA"
chr11:120853077-121935587,11q24.1,54,rs11218343,11,121435587,T,C,NA,0.0344953,0.808237,4.578999999999999e-17,Marioni,SORL1,T,C,0.02727790896506799,0.02727790896506799,C,0.0645089,0.0645089,SORL1,0,intragenic,SORL1,0,121435587,11,T,C,C,upstream_gene_variant,MODIFIER,SORL1,ENSG00000137642,transcript,ENST00000525532,protein_coding,NA,c.-2085T>C,NA,NA,NA,NA,1847,NA,"NANANA"
chr11:120853077-121935587,11q24.1,54,rs11218343,11,121435587,T,C,SORL1,0.0440715,0.9647113082912816,8.1152759981e-12,Jansen,SORL1,T,C,0.02727790896506799,0.02727790896506799,C,0.0645089,0.0645089,SORL1,0,intragenic,SORL1,0,121435587,11,T,C,C,upstream_gene_variant,MODIFIER,SORL1,ENSG00000137642,transcript,ENST00000525532,protein_coding,NA,c.-2085T>C,NA,NA,NA,NA,1847,NA,"NANANA"
chr11:120853077-121935587,11q24.1,54,rs11218343,11,121435587,T,C,SORL1,0.04000000000000003,0.9769644898915952,1.33e-13,Wightman,SORL1,T,C,0.02727790896506799,0.02727790896506799,C,0.0645089,0.0645089,SORL1,0,intragenic,SORL1,0,121435587,11,T,C,C,upstream_gene_variant,MODIFIER,SORL1,ENSG00000137642,transcript,ENST00000525532,protein_coding,NA,c.-2085T>C,NA,NA,NA,NA,1847,NA,"NANANA"
chr11:120853077-121935587,11q24.1,54,rs11218343,11,121435587,T,C,SORL1,0.039,0.84,1.4e-21,Bellenguez,SORL1,T,C,0.02727790896506799,0.02727790896506799,C,0.0645089,0.0645089,SORL1,0,intragenic,SORL1,0,121435587,11,T,C,C,upstream_gene_variant,MODIFIER,SORL1,ENSG00000137642,transcript,ENST00000525532,protein_coding,NA,c.-2085T>C,NA,NA,NA,NA,1847,NA,"NANANA"
chr12:113219788-114219788,12q24.13,101,rs6489896,12,113719788,T,C,TPCN1,0.076,1.08,1.8e-9,Bellenguez,TPCN1,T,C,0.08676548438327157,0.08676548438327157,C,0.104956,0.104956,TPCN1,0,intragenic,NA,NA,113719788,12,T,C,C,intron_variant,MODIFIER,TPCN1,ENSG00000186815,transcript,ENST00000541517,protein_coding,15/27,c.1558+1788T>C,NA,NA,NA,NA,NA,NA,"NANANA"
chr14:52798853-53900629,14q22.1,55,rs7146179,14,53298853,G,A,FERMT2,0.11,1.0131585347174628,6.99e-11,Wightman,LOC105370500,G,A,0.1583595859585959,0.8416404140414041,A,0.80352,0.19648,FERMT2,25133,upstream,NA,NA,53298853,14,A,G,G,intergenic_region,MODIFIER,RP11-589M4.3-FERMT2,ENSG00000258698-ENSG00000073712,intergenic_region,ENSG00000258698-ENSG00000073712,NA,NA,n.53298853A>G,NA,NA,NA,NA,NA,NA,"NANANA"
chr14:52798853-53900629,14q22.1,55,rs17125924,14,53391680,A,G,FERMT2,0.093,1.14,1.4e-9,Kunkle,FERMT2/LOC105370500,A,G,0.09355877616747182,0.09355877616747182,G,0.0951288,0.0951288,FERMT2,0,intragenic,NA,NA,53391680,14,A,G,G,intron_variant,MODIFIER,FERMT2,ENSG00000073712,transcript,ENST00000343279,protein_coding,2/15,c.158-5606T>C,NA,NA,NA,NA,NA,NA,"NANANA"
chr14:52798853-53900629,14q22.1,55,rs17125924,14,53391680,A,G,NA,0.0994194,1.11672,1.344e-11,Marioni,FERMT2/LOC105370500,A,G,0.09355877616747182,0.09355877616747182,G,0.0951288,0.0951288,FERMT2,0,intragenic,NA,NA,53391680,14,A,G,G,intron_variant,MODIFIER,FERMT2,ENSG00000073712,transcript,ENST00000343279,protein_coding,2/15,c.158-5606T>C,NA,NA,NA,NA,NA,NA,"NANANA"
chr14:52798853-53900629,14q22.1,55,rs17125924,14,53391680,A,G,FERMT2,0.089,1.1,8.3e-16,Bellenguez,FERMT2/LOC105370500,A,G,0.09355877616747182,0.09355877616747182,G,0.0951288,0.0951288,FERMT2,0,intragenic,NA,NA,53391680,14,A,G,G,intron_variant,MODIFIER,FERMT2,ENSG00000073712,transcript,ENST00000343279,protein_coding,2/15,c.158-5606T>C,NA,NA,NA,NA,NA,NA,"NANANA"
chr14:52798853-53900629,14q22.1,55,rs17125944,14,53400629,T,C,FERMT2,0.092,1.14,7.9e-9,Lambert,FERMT2,T,C,0.08903812824956672,0.08903812824956672,C,0.0938059,0.0938059,FERMT2,0,intragenic,NA,NA,53400629,14,T,C,C,intron_variant,MODIFIER,FERMT2,ENSG00000073712,transcript,ENST00000343279,protein_coding,2/15,c.158-14555A>G,NA,NA,NA,NA,NA,NA,"NANANA"
chr14:92426952-93438855,14q32.12,56,rs10498633,14,92926952,G,T,SLC24A4-,0.217,0.91,5.5e-9,Lambert,SLC24A4,G,T,0.20597855978077328,0.20597855978077328,T,0.188314,0.188314,SLC24A4,0,intragenic,RIN3,53173,92926952,14,G,T,T,intron_variant,MODIFIER,SLC24A4,ENSG00000140090,transcript,ENST00000532405,protein_coding,12/16,c.1255+4000G>T,NA,NA,NA,NA,NA,NA,"NANANA"
chr14:92426952-93438855,14q32.12,56,rs7401792,14,92931261,A,G,SLC24A4,0.371,1.04,4.8e-8,Bellenguez,SLC24A4,A,G,0.3958101108124057,0.6041898891875943,G,0.523893,0.47610699999999995,SLC24A4,0,intragenic,RIN3,48864,92931261,14,G,A,A,intron_variant,MODIFIER,SLC24A4,ENSG00000140090,transcript,ENST00000532405,protein_coding,12/16,c.1255+8309G>A,NA,NA,NA,NA,NA,NA,"NANANA"
chr14:92426952-93438855,14q32.12,56,rs12881735,14,92932828,T,C,SLC24A4,0.221,0.92,7.4e-9,Kunkle,SLC24A4,T,C,0.20984647961884595,0.20984647961884595,C,0.193773,0.193773,SLC24A4,0,intragenic,RIN3,47297,92932828,14,T,C,C,intron_variant,MODIFIER,SLC24A4,ENSG00000140090,transcript,ENST00000532405,protein_coding,12/16,c.1255+9876T>C,NA,NA,NA,NA,NA,NA,"NANANA"
chr14:92426952-93438855,14q32.12,56,rs12590654,14,92938855,G,A,NA,0.347035,0.924779452156286,8.214e-12,Marioni,SLC24A4,G,A,0.20183336061548535,0.20183336061548535,A,0.349176,0.349176,SLC24A4,0,intragenic,RIN3,41270,92938855,14,G,A,A,intron_variant,MODIFIER,SLC24A4,ENSG00000140090,transcript,ENST00000532405,protein_coding,12/16,c.1256-10169G>A,NA,NA,NA,NA,NA,NA,"NANANA"
chr14:92426952-93438855,14q32.12,56,rs12590654,14,92938855,G,A,SLC24A4,0.33648,0.9852827619375728,1.32256769113e-10,Jansen,SLC24A4,G,A,0.20183336061548535,0.20183336061548535,A,0.349176,0.349176,SLC24A4,0,intragenic,RIN3,41270,92938855,14,G,A,A,intron_variant,MODIFIER,SLC24A4,ENSG00000140090,transcript,ENST00000532405,protein_coding,12/16,c.1256-10169G>A,NA,NA,NA,NA,NA,NA,"NANANA"
chr14:92426952-93438855,14q32.12,56,rs12590654,14,92938855,G,A,RIN3,0.32999999999999996,0.9885677393633908,6.63e-17,Wightman,SLC24A4,G,A,0.20183336061548535,0.20183336061548535,A,0.349176,0.349176,SLC24A4,0,intragenic,RIN3,41270,92938855,14,G,A,A,intron_variant,MODIFIER,SLC24A4,ENSG00000140090,transcript,ENST00000532405,protein_coding,12/16,c.1256-10169G>A,NA,NA,NA,NA,NA,NA,"NANANA"
chr14:92426952-93438855,14q32.12,56,rs12590654,14,92938855,G,A,SLC24A4,0.328,0.93,4.2e-21,Bellenguez,SLC24A4,G,A,0.20183336061548535,0.20183336061548535,A,0.349176,0.349176,SLC24A4,0,intragenic,RIN3,41270,92938855,14,G,A,A,intron_variant,MODIFIER,SLC24A4,ENSG00000140090,transcript,ENST00000532405,protein_coding,12/16,c.1256-10169G>A,NA,NA,NA,NA,NA,NA,"NANANA"
chr14:105728095-107621607,14q32.33,57,rs7157106,14,106228095,A,G,IGH_gene_cluster,0.64,0.9523809523809523,2e-8,Bellenguez,LOC105378184,A,G,0.47810005839984426,0.47810005839984426,G,0.499359,0.499359,TMEM121,231556,downstream,NA,NA,106228095,14,A,G,G,intergenic_region,MODIFIER,IGHG1-IGHG3,ENSG00000211896-ENSG00000211897,intergenic_region,ENSG00000211896-ENSG00000211897,NA,NA,n.106228095A>G,NA,NA,NA,NA,NA,NA,"NANANA"
chr14:105728095-107621607,14q32.33,58,rs10131280,14,107121607,G,A,IGH_gene_cluster,0.133,0.94,4.3e-10,Bellenguez,LOC102724977,G,A,0.05355518003379696,0.05355518003379696,A,0.15636,0.15636,TMEM121,1125068,downstream,NA,NA,107121607,14,G,A,A,intergenic_region,MODIFIER,IGHV3-64-IGHV3-65,ENSG00000223648-ENSG00000253209,intergenic_region,ENSG00000223648-ENSG00000253209,NA,NA,n.107121607G>A,NA,NA,NA,NA,NA,NA,"NANANA"
chr15:50494011-51501534,15q21.2,59,rs8025980,15,50994011,A,G,SPPL2A,0.345,0.96,1.3e-8,Bellenguez,SPPL2A,A,G,0.20274650290003413,0.20274650290003413,G,0.379069,0.379069,SPPL2A,452,upstream,NA,NA,50994011,15,A,G,G,intergenic_region,MODIFIER,RN7SL354P-SPPL2A,ENSG00000243027-ENSG00000138600,intergenic_region,ENSG00000243027-ENSG00000138600,NA,NA,n.50994011A>G,NA,NA,NA,NA,NA,NA,"NANANA"
chr15:50494011-51501534,15q21.2,59,rs59685680,15,51001534,T,G,NA,0.246999,0.933047,9.166e-9,Marioni,SPPL2A,T,G,0.189960438420131,0.189960438420131,G,0.185865,0.185865,SPPL2A,0,intragenic,NA,NA,51001534,15,T,G,G,intron_variant,MODIFIER,SPPL2A,ENSG00000138600,transcript,ENST00000261854,protein_coding,14/14,c.1489-1463A>C,NA,NA,NA,NA,NA,NA,"NANANA"
chr15:58522615-59557023,15q21.3,60,rs442495,15,59022615,T,C,ADAM10,0.354342,0.9863725982769928,1.22123874443e-9,Jansen,ADAM10,T,C,0.4076230809952356,0.4076230809952356,C,0.487648,0.487648,ADAM10,0,intragenic,ADAM10,0,59022615,15,T,C,C,intron_variant,MODIFIER,ADAM10,ENSG00000137845,transcript,ENST00000260408,protein_coding,1/15,c.56-12689A>G,NA,NA,NA,NA,NA,NA,"NANANA"
chr15:58522615-59557023,15q21.3,60,rs593742,15,59045774,A,G,ADAM10,0.295,0.93,6.8e-9,Kunkle,NA,A,G,0.30383963862224733,0.30383963862224733,G,0.336907,0.336907,ADAM10,3784,downstream,ADAM10,3784,59045774,15,A,G,G,upstream_gene_variant,MODIFIER,ADAM10,ENSG00000137845,transcript,ENST00000260408,protein_coding,NA,c.-4041T>C,NA,NA,NA,NA,3597,NA,"NANANA"
chr15:58522615-59557023,15q21.3,60,rs593742,15,59045774,A,G,NA,0.297965,0.933047,2.782e-11,Marioni,NA,A,G,0.30383963862224733,0.30383963862224733,G,0.336907,0.336907,ADAM10,3784,downstream,ADAM10,3784,59045774,15,A,G,G,upstream_gene_variant,MODIFIER,ADAM10,ENSG00000137845,transcript,ENST00000260408,protein_coding,NA,c.-4041T>C,NA,NA,NA,NA,3597,NA,"NANANA"
chr15:58522615-59557023,15q21.3,60,rs602602,15,59057023,T,A,ADAM10,0.30000000000000004,0.9905332482528328,6.22e-15,Wightman,NA,T,A,0.2880889359449444,0.2880889359449444,A,0.30735,0.30735,MINDY2,6368,upstream,ADAM10,15033,59057023,15,T,A,A,intergenic_region,MODIFIER,U3-RP11-30K9.6,ENSG00000200318-ENSG00000245975,intergenic_region,ENSG00000200318-ENSG00000245975,NA,NA,n.59057023T>A,NA,NA,NA,NA,NA,NA,"NANANA"
chr15:58522615-59557023,15q21.3,60,rs602602,15,59057023,T,A,MINDY2,0.28,0.94,2.1e-15,Bellenguez,NA,T,A,0.2880889359449444,0.2880889359449444,A,0.30735,0.30735,MINDY2,6368,upstream,ADAM10,15033,59057023,15,T,A,A,intergenic_region,MODIFIER,U3-RP11-30K9.6,ENSG00000200318-ENSG00000245975,intergenic_region,ENSG00000200318-ENSG00000245975,NA,NA,n.59057023T>A,NA,NA,NA,NA,NA,NA,"NANANA"
chr15:63069902-64923506,15q22.2,61,rs117618017,15,63569902,C,T,APH1B,0.124823,1.0181902019834816,3.43751317539e-8,Jansen,APH1B,C,T,0.11952079137542944,0.11952079137542944,T,0.0881826,0.0881826,APH1B,0,intragenic,NA,NA,63569902,15,C,T,T,missense_variant,MODERATE,APH1B,ENSG00000138613,transcript,ENST00000261879,protein_coding,1/6,c.80C>T,T27Ile,150/4189,80/774,27/257,NA,NA,T27Ile
chr15:63069902-64923506,15q22.2,61,rs117618017,15,63569902,C,T,APH1B,0.13,1.014450424041212,7e-12,Wightman,APH1B,C,T,0.11952079137542944,0.11952079137542944,T,0.0881826,0.0881826,APH1B,0,intragenic,NA,NA,63569902,15,C,T,T,missense_variant,MODERATE,APH1B,ENSG00000138613,transcript,ENST00000261879,protein_coding,1/6,c.80C>T,T27Ile,150/4189,80/774,27/257,NA,NA,T27Ile
chr15:63069902-64923506,15q22.2,61,rs117618017,15,63569902,C,T,APH1B,0.144,1.11,2.1999999999999997e-25,Bellenguez,APH1B,C,T,0.11952079137542944,0.11952079137542944,T,0.0881826,0.0881826,APH1B,0,intragenic,NA,NA,63569902,15,C,T,T,missense_variant,MODERATE,APH1B,ENSG00000138613,transcript,ENST00000261879,protein_coding,1/6,c.80C>T,T27Ile,150/4189,80/774,27/257,NA,NA,T27Ile
chr15:63069902-64923506,15q22.31,62,rs3848143,15,64423506,A,G,SNX1,0.22,1.05,8.4e-11,Bellenguez,SNX1,A,G,0.25367763937458454,0.7463223606254155,G,0.742567,0.257433,SNX1,0,intragenic,NA,NA,64423506,15,G,A,A,intron_variant,MODIFIER,SNX1,ENSG00000028528,transcript,ENST00000261889,protein_coding,10/14,c.1016-380G>A,NA,NA,NA,NA,NA,NA,"NANANA"
chr15:78729199-79729199,15q25.1,63,rs12592898,15,79229199,G,A,CTSH,0.133,0.94,4.2e-9,Bellenguez,CTSH,G,A,0.14467972472207513,0.8553202752779249,A,0.8408,0.1592,CTSH,0,intragenic,NA,NA,79229199,15,A,G,G,intron_variant,MODIFIER,CTSH,ENSG00000103811,transcript,ENST00000220166,protein_coding,3/11,c.229+461T>C,NA,NA,NA,NA,NA,NA,"NANANA"
chr16:19308163-20308163,16p12.3,64,rs7185636,16,19808163,T,C,IQCK,0.18,0.92,2.4e-8,Kunkle,IQCK,T,C,0.1190522243713733,0.1190522243713733,C,0.347153,0.347153,IQCK,0,intragenic,NA,NA,19808163,16,T,C,C,intron_variant,MODIFIER,IQCK,ENSG00000174628,transcript,ENST00000320394,protein_coding,8/9,c.690+7919T>C,NA,NA,NA,NA,NA,NA,"NANANA"
chr16:29521402-30521402,16p11.2,65,rs1140239,16,30021402,C,T,DOC2A,0.379,0.94,2.6e-13,Bellenguez,DOC2A,C,T,0.3649248722052977,0.3649248722052977,T,0.329267,0.329267,DOC2A,0,intragenic,NA,NA,30021402,16,C,T,T,missense_variant,MODERATE,DOC2A,ENSG00000149927,transcript,ENST00000350119,protein_coding,2/11,c.142G>A,G48S,333/2071,142/1203,48/400,NA,NA,G48S
chr16:30622571-31633100,16p11.2,66,rs889555,16,31122571,C,T,NA,0.322234,0.9426125031935608,4.106e-8,Marioni,BCKDK,C,T,0.29226524274447596,0.29226524274447596,T,0.322264,0.322264,BCKDK,0,intragenic,NA,NA,31122571,16,C,T,T,upstream_gene_variant,MODIFIER,BCKDK,ENSG00000103507,transcript,ENST00000567682,protein_coding,NA,c.-120C>T,NA,NA,NA,NA,118,WARNING_TRANSCRIPT_INCOMPLETE,"NANANA"
chr16:30622571-31633100,16p11.2,66,rs889555,16,31122571,C,T,BCKDK,0.281,0.95,2e-11,Bellenguez,BCKDK,C,T,0.29226524274447596,0.29226524274447596,T,0.322264,0.322264,BCKDK,0,intragenic,NA,NA,31122571,16,C,T,T,upstream_gene_variant,MODIFIER,BCKDK,ENSG00000103507,transcript,ENST00000567682,protein_coding,NA,c.-120C>T,NA,NA,NA,NA,118,WARNING_TRANSCRIPT_INCOMPLETE,"NANANA"
chr16:30622571-31633100,16p11.2,66,rs59735493,16,31133100,G,A,KAT8,0.298476,0.9870987185683856,3.72815665997e-8,Jansen,KAT8,G,A,0.18732347566040872,0.18732347566040872,A,0.36075,0.36075,KAT8,0,intragenic,NA,NA,31133100,16,G,A,A,intron_variant,MODIFIER,KAT8,ENSG00000103510,transcript,ENST00000448516,protein_coding,3/9,c.462+1265G>A,NA,NA,NA,NA,NA,NA,"NANANA"
chr16:70194000-71194000,16q22.1,67,rs4985556,16,70694000,C,A,NA,0.087634600000000007,1.085564360837992,3.668999999999999e-8,Marioni,IL34,C,A,0.10599406627667242,0.10599406627667242,A,0.0770712,0.0770712,IL34,0,intragenic,NA,NA,70694000,16,C,A,A,stop_gained,HIGH,IL34,ENSG00000157368,transcript,ENST00000288098,protein_coding,6/6,c.639C>A,Y213*,1022/1607,639/729,213/242,NA,NA,Y213*
chr16:70194000-71194000,16q22.1,67,rs4985556,16,70694000,C,A,IL34,0.115,1.07,6e-10,Bellenguez,IL34,C,A,0.10599406627667242,0.10599406627667242,A,0.0770712,0.0770712,IL34,0,intragenic,NA,NA,70694000,16,C,A,A,stop_gained,HIGH,IL34,ENSG00000157368,transcript,ENST00000288098,protein_coding,6/6,c.639C>A,Y213*,1022/1607,639/729,213/242,NA,NA,Y213*
chr16:78855857-80108408,16q23.2,68,rs62039712,16,79355857,G,A,WWOX,0.116,1.16,3.7e-8,Kunkle,MAF,G,A,0.04637969353140718,0.04637969353140718,A,0.0780142,0.0780142,WWOX,109293,downstream,NA,NA,79355857,16,G,A,A,intergenic_region,MODIFIER,RNA5SP431-RP11-467I17.1,ENSG00000222244-ENSG00000261472,intergenic_region,ENSG00000222244-ENSG00000261472,NA,NA,n.79355857G>A,NA,NA,NA,NA,NA,NA,"NANANA"
chr16:78855857-80108408,16q23.2,69,rs450674,16,79608408,T,C,MAF,0.373,0.96,3.2e-8,Bellenguez,MAF,T,C,0.33000493096646943,0.33000493096646943,C,0.309999,0.309999,MAF,11332,upstream,NA,NA,79608408,16,T,C,C,intergenic_region,MODIFIER,RP11-467I17.1-MAF,ENSG00000261472-ENSG00000178573,intergenic_region,ENSG00000261472-ENSG00000178573,NA,NA,n.79608408T>C,NA,NA,NA,NA,NA,NA,"NANANA"
chr16:81273003-82442028,16q23.3,70,rs12446759,16,81773003,A,G,PLCG2,0.403,0.95,1.2e-13,Bellenguez,NA,A,G,0.43160897186568137,0.5683910281343186,G,0.530218,0.469782,PLCG2,0,intragenic,PLCG2,0,81773003,16,G,A,A,intron_variant,MODIFIER,PLCG2,ENSG00000197943,transcript,ENST00000565054,protein_coding,1/5,c.-145+13G>A,NA,NA,NA,NA,NA,WARNING_TRANSCRIPT_INCOMPLETE,"NANANA"
chr16:81273003-82442028,16q23.3,70,rs12444183,16,81773209,G,A,NA,0.34345499999999995,0.9471490812653911,3.153e-8,Marioni,NA,G,A,0.3935240700289735,0.6064759299710265,A,0.539481,0.460519,PLCG2,0,intragenic,PLCG2,0,81773209,16,A,G,G,intron_variant,MODIFIER,PLCG2,ENSG00000197943,transcript,ENST00000565054,protein_coding,1/5,c.-145+219A>G,NA,NA,NA,NA,NA,WARNING_TRANSCRIPT_INCOMPLETE,"NANANA"
chr16:81273003-82442028,16q23.3,71,rs72824905,16,81942028,C,G,PLCG2,0.008,0.74,8.5e-12,Bellenguez,PLCG2,C,G,0.00744965153447101,0.00744965153447101,G,0.00490727,0.00490727,PLCG2,0,intragenic,PLCG2,0,81942028,16,C,G,G,missense_variant,MODERATE,PLCG2,ENSG00000197943,transcript,ENST00000359376,protein_coding,17/33,c.1565C>G,P522R,1779/4308,1565/3798,522/1265,NA,NA,P522R
chr16:85954210-86954210,16q24.1,72,rs16941239,16,86454210,T,A,FOXF1,0.029,1.13,1.3e-8,Bellenguez,NA,T,A,0.05526733721545791,0.05526733721545791,A,0.0788885,0.0788885,FOXF1,89923,upstream,NA,NA,86454210,16,T,A,A,intergenic_region,MODIFIER,LINC00917-RP11-158I3.1,ENSG00000168367-ENSG00000268473,intergenic_region,ENSG00000168367-ENSG00000268473,NA,NA,n.86454210T>A,NA,NA,NA,NA,NA,NA,"NANANA"
chr16:89670095-90670095,16q24.3,73,rs56407236,16,90170095,G,A,PRDM7,0.069,1.11,6.5e-15,Bellenguez,FAM157C/LOC105376786,G,A,0.06477732793522267,0.06477732793522267,A,0.0641614,0.0641614,PRDM7,11615,downstream,NA,NA,NA,NA,NA,NA,NA,NA,NA,NA,NA,NA,NA,NA,NA,NA,NA,NA,NA,NA,NA,NA,NA
chr17:1131341-2131341,17p13.3,74,rs35048651,17,1631341,TGAG,T,WDR81,0.214,1.06,7.7e-11,Bellenguez,WDR81,GAGGAGGAGGAG,GAGGAGGAG,0.2048494983277592,0.2048494983277592,NA,0.190107,0.190107,WDR81,0,intragenic,NA,NA,1631341,17,TGAG,T,T,conservative_inframe_deletion,MODERATE,WDR81,ENSG00000167716,transcript,ENST00000409644,protein_coding,1/10,c.3089_3091delGAG,E1031del,3089/6733,3089/5826,1030/1941,NA,NA,del1031E
chr17:4469940-5638980,17p13.2,75,rs7209200,17,4969940,C,T,SCIMP/RABEP1,0.33,1.0078761176357205,3.18e-8,Wightman,NA,C,T,0.3193912186576152,0.3193912186576152,T,0.331959,0.331959,ZFP3,11822,upstream,NA,NA,4969940,17,C,T,T,intergenic_region,MODIFIER,RP11-46I8.1-RP11-46I8.3,ENSG00000262495-ENSG00000262693,intergenic_region,ENSG00000262495-ENSG00000262693,NA,NA,n.4969940C>T,NA,NA,NA,NA,NA,NA,"NANANA"
chr17:4469940-5638980,17p13.2,75,rs7225151,17,5137047,G,A,NA,0.117604,1.103183399726256,6.06e-12,Marioni,SCIMP/ZNF594-DT,G,A,0.12289112150931349,0.12289112150931349,A,0.153066,0.153066,SCIMP,0,intragenic,NA,NA,5137047,17,G,A,A,intron_variant,MODIFIER,SCIMP,ENSG00000161929,transcript,ENST00000574081,protein_coding,1/4,c.21+983C>T,NA,NA,NA,NA,NA,NA,"NANANA"
chr17:4469940-5638980,17p13.2,75,rs7225151,17,5137047,G,A,SCIMP,0.124,1.08,4.1e-13,Bellenguez,SCIMP/ZNF594-DT,G,A,0.12289112150931349,0.12289112150931349,A,0.153066,0.153066,SCIMP,0,intragenic,NA,NA,5137047,17,G,A,A,intron_variant,MODIFIER,SCIMP,ENSG00000161929,transcript,ENST00000574081,protein_coding,1/4,c.21+983C>T,NA,NA,NA,NA,NA,NA,"NANANA"
chr17:4469940-5638980,17p13.2,75,rs113260531,17,5138980,G,A,SCIMP,0.126086,1.0201868518404116,7.90535677698e-10,Jansen,SCIMP/ZNF594-DT,G,A,0.13292747485442033,0.13292747485442033,A,0.147256,0.147256,SCIMP,825,downstream,NA,NA,5138980,17,G,A,A,upstream_gene_variant,MODIFIER,SCIMP,ENSG00000161929,transcript,ENST00000574081,protein_coding,NA,c.-930C>T,NA,NA,NA,NA,825,NA,"NANANA"
chr17:17559454-18559454,17p11.2,76,rs2242595,17,18059454,G,A,MYO15A,0.112,0.94,1.1e-9,Bellenguez,MYO15A/LOC105371567,G,A,0.1548194903256253,0.1548194903256253,A,0.16837,0.16837,MYO15A,0,intragenic,NA,NA,18059454,17,G,A,A,upstream_gene_variant,MODIFIER,MYO15A,ENSG00000091536,transcript,ENST00000556535,protein_coding,NA,c.-2281G>A,NA,NA,NA,NA,2168,WARNING_TRANSCRIPT_INCOMPLETE,"NANANA"
chr17:41930244-42942344,17q21.31,77,rs5848,17,42430244,C,T,GRN,0.289,1.07,2.4e-20,Bellenguez,GRN/FAM171A2,C,T,0.30833129920058583,0.30833129920058583,T,0.417906,0.417906,GRN,0,intragenic,NA,NA,42430244,17,C,T,T,3_prime_UTR_variant,MODIFIER,GRN,ENSG00000030582,transcript,ENST00000053867,protein_coding,13/13,c.*78C>T,NA,NA,NA,NA,78,NA,"NANANA"
chr17:41930244-42942344,17q21.31,77,rs708382,17,42442344,T,C,GRN,0.39,1.0067635317367964,1.98e-9,Wightman,FAM171A2,T,C,0.3876666106844589,0.3876666106844589,C,0.408536,0.408536,FAM171A2,1123,downstream,NA,NA,42442344,17,T,C,C,upstream_gene_variant,MODIFIER,FAM171A2,ENSG00000161682,transcript,ENST00000293443,protein_coding,NA,c.-1262A>G,NA,NA,NA,NA,1101,NA,"NANANA"
chr17:44356641-45356641,17q21.31,78,rs199515,17,44856641,C,G,WNT3,0.219,0.94,9.3e-13,Bellenguez,WNT3/LRRC37A2,C,G,0.17098994176813131,0.8290100582318687,G,0.855204,0.14479600000000004,WNT3,0,intragenic,NA,NA,44856641,17,G,C,C,intron_variant,MODIFIER,WNT3,ENSG00000108379,transcript,ENST00000225512,protein_coding,1/4,c.81-5366C>G,NA,NA,NA,NA,NA,NA,"NANANA"
chr17:46797297-47950775,17q21.32,79,rs616338,17,47297297,C,T,ABI3,0.012,1.32,2.8e-14,Bellenguez,ABI3,C,T,0.00846546354626331,0.9915345364537368,T,0.993619,0.00638099999999997,ABI3,0,intragenic,ABI3,0,47297297,17,T,C,C,missense_variant,MODERATE,ABI3,ENSG00000108798,transcript,ENST00000225941,protein_coding,5/8,c.626T>C,F209S,1124/2109,626/1101,209/366,NA,NA,S209F
chr17:46797297-47950775,17q21.33,80,rs28394864,17,47450775,G,A,ABI3,0.453265,1.0123774850221756,1.68452181191e-8,Jansen,LOC102724596,G,A,0.41744479841810395,0.41744479841810395,A,0.407807,0.407807,ZNF652,10940,downstream,NA,NA,47450775,17,G,A,A,intron_variant,MODIFIER,RP11-81K2.1,ENSG00000262039,transcript,ENST00000576461,protein_coding,2/2,c.178+327G>A,NA,NA,NA,NA,NA,NA,"NANANA"
chr17:46797297-47950775,17q21.33,80,rs28394864,17,47450775,G,A,ABI3,0.46,1.0086093194737589,4.9e-10,Wightman,LOC102724596,G,A,0.41744479841810395,0.41744479841810395,A,0.407807,0.407807,ZNF652,10940,downstream,NA,NA,47450775,17,G,A,A,intron_variant,MODIFIER,RP11-81K2.1,ENSG00000262039,transcript,ENST00000576461,protein_coding,2/2,c.178+327G>A,NA,NA,NA,NA,NA,NA,"NANANA"
chr17:55909089-56910041,17q22,81,rs2632516,17,56409089,G,C,TSPOAP1-AS1,0.46,0.9938221093916704,7.46e-10,Wightman,MIR142/TSPOAP1-AS1,G,C,0.3452783211808643,0.3452783211808643,G,0.510497,0.489503,TSPOAP1,2933,downstream,NA,NA,56409089,17,G,C,C,upstream_gene_variant,MODIFIER,BZRAP1,ENSG00000005379,transcript,ENST00000355701,protein_coding,NA,c.-3808C>G,NA,NA,NA,NA,2937,NA,"NANANA"
chr17:55909089-56910041,17q22,81,rs2526377,17,56410041,A,G,TSPOAP1,0.445,0.95,1.6e-12,Bellenguez,MIR142/TSPOAP1-AS1,A,G,0.4642154766994442,0.4642154766994442,A,0.500128,0.499872,TSPOAP1,3885,downstream,NA,NA,56410041,17,A,G,G,upstream_gene_variant,MODIFIER,BZRAP1,ENSG00000005379,transcript,ENST00000355701,protein_coding,NA,c.-4760T>C,NA,NA,NA,NA,3889,NA,"NANANA"
chr17:61038148-62048918,17q23.3,82,rs138190086,17,61538148,G,A,ACE,0.02,1.3,5.3e-9,Kunkle,NA,G,A,0.0154579142403388,0.0154579142403388,A,0.012363,0.012363,CYB561,14433,downstream,NA,NA,61538148,17,G,A,A,intergenic_region,MODIFIER,RP11-269G24.6-CTD-2501B8.5,ENSG00000265971-ENSG00000228979,intergenic_region,ENSG00000265971-ENSG00000228979,NA,NA,n.61538148G>A,NA,NA,NA,NA,NA,NA,"NANANA"
chr17:61038148-62048918,17q23.3,82,rs138190086,17,61538148,G,A,NA,0.0168662,1.2540771958437242,1.947e-9,Marioni,NA,G,A,0.0154579142403388,0.0154579142403388,A,0.012363,0.012363,CYB561,14433,downstream,NA,NA,61538148,17,G,A,A,intergenic_region,MODIFIER,RP11-269G24.6-CTD-2501B8.5,ENSG00000265971-ENSG00000228979,intergenic_region,ENSG00000265971-ENSG00000228979,NA,NA,n.61538148G>A,NA,NA,NA,NA,NA,NA,"NANANA"
chr17:61038148-62048918,17q23.3,83,rs6504163,17,61545779,T,C,ACE,0.39,0.9922105207428152,1.23e-9,Wightman,NA,T,C,0.33176283748014823,0.6682371625198518,C,0.699911,0.30008900000000005,ACE,8643,upstream,NA,NA,61545779,17,C,T,T,intergenic_region,MODIFIER,RP11-269G24.6-CTD-2501B8.5,ENSG00000265971-ENSG00000228979,intergenic_region,ENSG00000265971-ENSG00000228979,NA,NA,n.61545779C>T,NA,NA,NA,NA,NA,NA,"NANANA"
chr17:61038148-62048918,17q23.3,83,rs4277405,17,61548918,T,C,ACE,0.384,0.94,8.8e-20,Bellenguez,NA,T,C,0.37509325110657976,0.6249067488934202,C,0.637162,0.362838,ACE,5504,upstream,NA,NA,61548918,17,C,T,T,intergenic_region,MODIFIER,RP11-269G24.6-CTD-2501B8.5,ENSG00000265971-ENSG00000228979,intergenic_region,ENSG00000265971-ENSG00000228979,NA,NA,n.61548918C>T,NA,NA,NA,NA,NA,NA,"NANANA"
chr18:55689459-56689459,18q21.31,102,rs76726049,18,56189459,T,C,ALPK2,0.0111949,1.0584406070880437,3.3774524251e-8,Jansen,ALPK2,T,C,0.01141219385096404,0.01141219385096404,C,0.00894847,0.00894847,ALPK2,0,intragenic,NA,NA,56189459,18,T,C,C,intron_variant,MODIFIER,ALPK2,ENSG00000198796,transcript,ENST00000361673,protein_coding,8/12,c.5665+1579A>G,NA,NA,NA,NA,NA,NA,"NANANA"
chr19:539323-2354258,19p13.3,84,rs111278892,19,1039323,C,G,ABCA7,0.147136,1.0201111623359511,6.67175297904e-11,Jansen,CNN2/ABCA7,C,G,0.143171344784248,0.143171344784248,G,0.121601,0.121601,CNN2,256,downstream,ABCA7,673,1039323,19,C,G,G,upstream_gene_variant,MODIFIER,ABCA7,ENSG00000064687,transcript,ENST00000263094,protein_coding,NA,c.-1010C>G,NA,NA,NA,NA,779,NA,"NANANA"
chr19:539323-2354258,19p13.3,84,rs3752231,19,1043638,C,T,NA,0.238936,1.0913331256735368,4.374e-13,Marioni,ABCA7,C,T,0.25568678915135606,0.25568678915135606,T,0.27261,0.27261,ABCA7,0,intragenic,ABCA7,0,1043638,19,C,T,T,downstream_gene_variant,MODIFIER,CNN2,ENSG00000064666,transcript,ENST00000263097,protein_coding,NA,c.*5739C>T,NA,NA,NA,NA,4570,NA,"NANANA"
chr19:539323-2354258,19p13.3,84,rs12151021,19,1050874,G,A,ABCA7,0.31999999999999995,1.0102941471342244,2.81e-15,Wightman,ABCA7,G,A,0.3367257070163421,0.6632742929836579,A,0.652529,0.347471,ABCA7,0,intragenic,ABCA7,0,1050874,19,A,G,G,intron_variant,MODIFIER,ABCA7,ENSG00000064687,transcript,ENST00000263094,protein_coding,18/46,c.2553-46A>G,NA,NA,NA,NA,NA,NA,"NANANA"
chr19:539323-2354258,19p13.3,84,rs12151021,19,1050874,G,A,ABCA7,0.336,1.1,1.6e-37,Bellenguez,ABCA7,G,A,0.3367257070163421,0.6632742929836579,A,0.652529,0.347471,ABCA7,0,intragenic,ABCA7,0,1050874,19,A,G,G,intron_variant,MODIFIER,ABCA7,ENSG00000064687,transcript,ENST00000263094,protein_coding,18/46,c.2553-46A>G,NA,NA,NA,NA,NA,NA,"NANANA"
chr19:539323-2354258,19p13.3,85,rs3752246,19,1056492,C,G,ABCA7,0.182,1.15,3.1e-16,Kunkle,ABCA7,C,G,0.15754550792718736,0.8424544920728126,G,0.864596,0.13540399999999997,ABCA7,0,intragenic,ABCA7,0,1056492,19,G,C,C,missense_variant,MODERATE,ABCA7,ENSG00000064687,transcript,ENST00000263094,protein_coding,33/47,c.4580G>C,G1527A,4811/6816,4580/6441,1527/2146,NA,NA,A1527G
chr19:539323-2354258,19p13.3,85,rs4147929,19,1063443,G,A,ABCA7,0.19,1.15,1.1e-15,Lambert,ABCA7,G,A,0.15742916378714578,0.8425708362128542,A,0.865341,0.13465899999999997,ABCA7,0,intragenic,ABCA7,0,1063443,19,A,G,G,upstream_gene_variant,MODIFIER,HMHA1,ENSG00000180448,transcript,ENST00000590214,protein_coding,NA,c.-3962A>G,NA,NA,NA,NA,3883,NA,"NANANA"
chr19:539323-2354258,19p13.3,86,rs149080927,19,1854258,GC,G,KLF16,0.48,1.05,5.1e-10,Bellenguez,KLF16,CCCCC,CCCCCC,0.440658747300216,0.440658747300216,NA,NA,0.3829,KLF16,0,intragenic,NA,NA,1854258,19,GC,G,G,3_prime_UTR_variant,MODIFIER,KLF16,ENSG00000129911,transcript,ENST00000250916,protein_coding,2/2,c.*199delG,NA,NA,NA,NA,199,NA,"NANANA"
chr19:44851516-46741841,19q13.32,87,rs41289512,19,45351516,C,G,NA,0.0299673,2.49578,6.699999999999997e-255,Marioni,NECTIN2,C,G,0.02832186341979883,0.02832186341979883,G,0.0304528,0.0304528,NECTIN2,0,intragenic,APOE,57532,45351516,19,C,G,G,intron_variant,MODIFIER,PVRL2,ENSG00000130202,transcript,ENST00000252483,protein_coding,1/8,c.88+1646C>G,NA,NA,NA,NA,NA,NA,"NANANA"
chr19:44851516-46741841,19q13.32,87,rs41289512,19,45351516,C,G,APOE,0.0359409,1.229125747379676,1.45908825422e-278,Jansen,NECTIN2,C,G,0.02832186341979883,0.02832186341979883,G,0.0304528,0.0304528,NECTIN2,0,intragenic,APOE,57532,45351516,19,C,G,G,intron_variant,MODIFIER,PVRL2,ENSG00000130202,transcript,ENST00000252483,protein_coding,1/8,c.88+1646C>G,NA,NA,NA,NA,NA,NA,"NANANA"
chr19:44851516-46741841,19q13.32,87,rs429358,19,45411941,T,C,APOE,0.216,3.32,0,Kunkle,APOE,T,C,0.07441837441837441,0.07441837441837441,C,0.164436,0.164436,APOE,0,intragenic,APOE,0,45411941,19,T,C,C,missense_variant,MODERATE,APOE,ENSG00000130203,transcript,ENST00000252486,protein_coding,4/4,c.388T>C,C130R,499/1208,388/954,130/317,NA,NA,C130R
chr19:44851516-46741841,19q13.32,87,rs429358,19,45411941,T,C,APOE,0.16000000000000003,2.2752363963459876,1e-300,Wightman,APOE,T,C,0.07441837441837441,0.07441837441837441,C,0.164436,0.164436,APOE,0,intragenic,APOE,0,45411941,19,T,C,C,missense_variant,MODERATE,APOE,ENSG00000130203,transcript,ENST00000252486,protein_coding,4/4,c.388T>C,C130R,499/1208,388/954,130/317,NA,NA,C130R
chr19:44851516-46741841,19q13.32,87,rs429358,19,45411941,T,C,APOE,0.216,3.32,0,Bellenguez,APOE,T,C,0.07441837441837441,0.07441837441837441,C,0.164436,0.164436,APOE,0,intragenic,APOE,0,45411941,19,T,C,C,missense_variant,MODERATE,APOE,ENSG00000130203,transcript,ENST00000252486,protein_coding,4/4,c.388T>C,C130R,499/1208,388/954,130/317,NA,NA,C130R
chr19:44851516-46741841,19q13.32,88,rs76320948,19,46241841,C,T,AC074212.3,0.0307669,1.035550225519828,4.0780065849e-8,Jansen,MEIOSIN,C,T,0.01670696856451967,0.01670696856451967,T,0.0280627,0.0280627,MEIOSIN,0,intragenic,NA,NA,46241841,19,C,T,T,intron_variant,MODIFIER,AC074212.3,ENSG00000237452,transcript,ENST00000457052,protein_coding,2/14,c.72-1043C>T,NA,NA,NA,NA,NA,NA,"NANANA"
chr19:48713504-49713504,19q13.33,89,rs2452170,19,49213504,G,A,NTN5,0.53,1.0062282131106977,1.72e-8,Wightman,NA,G,A,0.4452518304859108,0.4452518304859108,A,0.427309,0.427309,MAMSTR,2478,upstream,NA,NA,49213504,19,G,A,A,downstream_gene_variant,MODIFIER,FUT2,ENSG00000176920,transcript,ENST00000391876,protein_coding,NA,c.*4924G>A,NA,NA,NA,NA,4595,NA,"NANANA"
chr19:49953317-50953317,19q13.33,90,rs9304690,19,50453317,C,T,SIGLEC11,0.24,1.05,4.7e-9,Bellenguez,SIGLEC11,C,T,0.229004033307312,0.229004033307312,T,0.183059,0.183059,SIGLEC11,0,intragenic,NA,NA,50453317,19,C,T,T,synonymous_variant,LOW,SIGLEC11,ENSG00000161640,transcript,ENST00000447370,protein_coding,11/11,c.2007G>A,S669S,2098/3173,2007/2097,669/698,NA,NA,S669S
chr19:51227962-52237991,19q13.41,91,rs3865444,19,51727962,C,A,CD33,0.299276,0.986337147363752,5.14947136504e-9,Jansen,CD33,C,A,0.3023239159236581,0.3023239159236581,A,0.254387,0.254387,CD33,358,upstream,NA,NA,51727962,19,C,A,A,upstream_gene_variant,MODIFIER,CD33,ENSG00000105383,transcript,ENST00000262262,protein_coding,NA,c.-413C>A,NA,NA,NA,NA,392,NA,"NANANA"
chr19:51227962-52237991,19q13.41,91,rs12459419,19,51728477,C,T,NA,0.336009,0.9362244820588584,7.965e-9,Marioni,CD33,C,T,0.26380294382697506,0.26380294382697506,T,0.254789,0.254789,CD33,0,intragenic,NA,NA,51728477,19,C,T,T,missense_variant,MODERATE,CD33,ENSG00000105383,transcript,ENST00000262262,protein_coding,2/7,c.41C>T,A14V,62/1444,41/1095,14/364,NA,NA,A14V
chr19:51227962-52237991,19q13.41,91,rs1354106,19,51737991,T,G,CD33,0.37,0.9890770239100464,2.21e-10,Wightman,CD33,T,G,0.34719303097345133,0.34719303097345133,G,0.37844,0.37844,CD33,0,intragenic,NA,NA,51737991,19,T,G,G,intron_variant,MODIFIER,CD33,ENSG00000105383,transcript,ENST00000262262,protein_coding,4/6,c.746-421T>G,NA,NA,NA,NA,NA,NA,"NANANA"
chr19:54271451-55325174,19q13.42,92,rs587709,19,54771451,T,C,LILRB2,0.325,1.05,3.6e-11,Bellenguez,NA,T,C,0.35288512440444675,0.6471148755955533,C,0.375986,0.375986,LILRB2,6215,upstream,NA,NA,54771451,19,T,C,C,intergenic_region,MODIFIER,RNU6-1307P-AC098789.1,ENSG00000212314-ENSG00000240042,intergenic_region,ENSG00000212314-ENSG00000240042,NA,NA,n.54771451T>C,NA,NA,NA,NA,NA,NA,"NANANA"
chr19:54271451-55325174,19q13.42,93,rs1761461,19,54825174,A,C,LILRB2,0.49,1.006379215781524,1.56e-9,Wightman,LILRA5,C,A,0.4690396426577331,0.4690396426577331,A,0.591991,0.408009,LILRA5,738,downstream,NA,NA,54825174,19,A,C,C,upstream_gene_variant,MODIFIER,LILRA5,ENSG00000187116,transcript,ENST00000301219,protein_coding,NA,c.-885T>G,NA,NA,NA,NA,765,NA,"NANANA"
chr20:1-893978,20p13,94,rs1358782,20,393978,G,A,RBCK1,0.246,0.95,1.6e-8,Bellenguez,RBCK1,G,A,0.23562557497700087,0.7643744250229991,A,0.806968,0.193032,RBCK1,0,intragenic,NA,NA,393978,20,A,G,G,downstream_gene_variant,MODIFIER,RBCK1,ENSG00000125826,transcript,ENST00000475269,protein_coding,NA,c.*2772A>G,NA,NA,NA,NA,2570,NA,"NANANA"
chr20:54483075-55518260,20q13.2,95,rs6069736,20,54983075,C,T,NA,0.088,0.8945808450150142,1.9949999999999998e-10,Marioni,NA,C,T,0.10407623080995236,0.10407623080995236,T,0.113146,0.113146,CSTF1,1657,downstream,NA,NA,54983075,20,C,T,T,upstream_gene_variant,MODIFIER,CASS4,ENSG00000087589,transcript,ENST00000360314,protein_coding,NA,c.-4318C>T,NA,NA,NA,NA,4093,NA,"NANANA"
chr20:54483075-55518260,20q13.2,95,rs6069737,20,54995699,C,T,CASS4,0.083,0.9814965512507896,6.73e-16,Wightman,CASS4,C,T,0.08586553732133403,0.08586553732133403,T,0.0741977,0.0741977,CASS4,0,intragenic,NA,NA,54995699,20,C,T,T,intron_variant,MODIFIER,CASS4,ENSG00000087589,transcript,ENST00000360314,protein_coding,2/6,c.36+8149C>T,NA,NA,NA,NA,NA,NA,"NANANA"
chr20:54483075-55518260,20q13.2,95,rs6024870,20,54997568,G,A,CASS4,0.088,0.88,3.5e-8,Kunkle,CASS4,G,A,0.05805282598090459,0.05805282598090459,A,0.0743549,0.0743549,CASS4,0,intragenic,NA,NA,54997568,20,G,A,A,intron_variant,MODIFIER,CASS4,ENSG00000087589,transcript,ENST00000360314,protein_coding,2/6,c.36+10018G>A,NA,NA,NA,NA,NA,NA,"NANANA"
chr20:54483075-55518260,20q13.2,95,rs6014724,20,54998544,A,G,CASS4,0.0950416,0.977365827356498,5.38105326432e-10,Jansen,CASS4,A,G,0.10372261641111,0.10372261641111,G,0.105208,0.105208,CASS4,0,intragenic,NA,NA,54998544,20,A,G,G,intron_variant,MODIFIER,CASS4,ENSG00000087589,transcript,ENST00000360314,protein_coding,2/6,c.36+10994A>G,NA,NA,NA,NA,NA,NA,"NANANA"
chr20:54483075-55518260,20q13.2,95,rs6014724,20,54998544,A,G,CASS4,0.09,0.89,4.1e-21,Bellenguez,CASS4,A,G,0.10372261641111,0.10372261641111,G,0.105208,0.105208,CASS4,0,intragenic,NA,NA,54998544,20,A,G,G,intron_variant,MODIFIER,CASS4,ENSG00000087589,transcript,ENST00000360314,protein_coding,2/6,c.36+10994A>G,NA,NA,NA,NA,NA,NA,"NANANA"
chr20:54483075-55518260,20q13.31,95,rs7274581,20,55018260,T,C,CASS4,0.083,0.88,2.5e-8,Lambert,CASS4,T,C,0.0944242034576368,0.0944242034576368,C,0.110399,0.110399,CASS4,0,intragenic,NA,NA,55018260,20,T,C,C,intron_variant,MODIFIER,CASS4,ENSG00000087589,transcript,ENST00000360314,protein_coding,3/6,c.460-2696T>C,NA,NA,NA,NA,NA,NA,"NANANA"
chr20:61874441-62874441,20q13.33,96,rs6742,20,62374441,C,T,SLC2A4RG,0.221,0.95,2.6e-9,Bellenguez,SLC2A4RG,C,T,0.2109117840684661,0.7890882159315339,T,0.768634,0.23136599999999996,SLC2A4RG,0,intragenic,NA,NA,62374441,20,T,C,C,3_prime_UTR_variant,MODIFIER,SLC2A4RG,ENSG00000125520,transcript,ENST00000266077,protein_coding,8/8,c.*98T>C,NA,NA,NA,NA,98,NA,"NANANA"
chr21:26769932-28656856,21q21.3,97,rs63750847,21,27269932,C,T,APP,3e-4,0.23,4.19e-5,Jonsson,APP,C,T,1.6430647264810687e-4,1.6430647264810687e-4,T,7.64283e-4,7.64283e-4,APP,0,intragenic,APP,0,27269932,21,C,T,T,missense_variant,MODERATE,APP,ENSG00000142192,transcript,ENST00000346798,protein_coding,16/18,c.2017G>A,A673T,2051/3467,2017/2313,673/770,NA,NA,A673T
chr21:26769932-28656856,21q21.3,98,rs2154481,21,27473875,T,C,APP,0.476,0.95,1e-12,Bellenguez,APP,C,T,0.4955864330429598,0.4955864330429598,T,0.392472,0.392472,APP,0,intragenic,APP,0,27473875,21,C,T,T,intron_variant,MODIFIER,APP,ENSG00000142192,transcript,ENST00000346798,protein_coding,2/17,c.225+10421G>A,NA,NA,NA,NA,NA,NA,"NANANA"
chr21:26769932-28656856,21q21.3,98,rs2154482,21,27520931,G,T,APP,0.44,0.9932400409597634,7.66e-10,Wightman,APP,T,G,0.48801269735193387,0.5119873026480661,G,0.524756,0.475244,APP,0,intragenic,APP,0,27520931,21,G,T,T,intron_variant,MODIFIER,APP,ENSG00000142192,transcript,ENST00000346798,protein_coding,1/17,c.57+21951C>A,NA,NA,NA,NA,NA,NA,"NANANA"
chr21:26769932-28656856,21q21.3,99,rs2830489,21,28148191,C,T,ADAMTS1,0.281,0.95,1.7e-10,Bellenguez,NA,C,T,0.13604772385034172,0.13604772385034172,T,0.209936,0.209936,ADAMTS1,59883,upstream,NA,NA,28148191,21,C,T,T,intergenic_region,MODIFIER,CYYR1-ADAMTS1,ENSG00000166265-ENSG00000154734,intergenic_region,ENSG00000166265-ENSG00000154734,NA,NA,n.28148191C>T,NA,NA,NA,NA,NA,NA,"NANANA"
chr21:26769932-28656856,21q21.3,99,rs2830500,21,28156856,C,A,ADAMTS1,0.308,0.93,2.6e-8,Kunkle,NA,C,A,0.2415878456316119,0.2415878456316119,A,0.234172,0.234172,ADAMTS1,51218,upstream,NA,NA,28156856,21,C,A,A,intergenic_region,MODIFIER,CYYR1-ADAMTS1,ENSG00000166265-ENSG00000154734,intergenic_region,ENSG00000166265-ENSG00000154734,NA,NA,n.28156856C>A,NA,NA,NA,NA,NA,NA,"NANANA"
chr19:44851516-46741841,87,87,APOE 22,19,45412079,TT/CC,TT/TT,APOE Îµ2/Îµ2,0.007,0.42,7.1e-4,Reiman,NA,TT/CC,TT/TT,NA,NA,NA,NA,0.007,NA,NA,NA,NA,NA,NA,NA,NA,NA,NA,NA,NA,NA,NA,NA,NA,NA,NA,NA,NA,NA,NA,NA,NA,NA,NA
chr19:44851516-46741841,87,87,APOE 23,19,45412079,TT/CC,TT/CT,APOE Îµ2/Îµ3,0.126,0.58,3.1e-25,Reiman,NA,TT/CC,TT/CT,NA,NA,NA,NA,0.126,NA,NA,NA,NA,NA,NA,NA,NA,NA,NA,NA,NA,NA,NA,NA,NA,NA,NA,NA,NA,NA,NA,NA,NA,NA,NA
chr19:44851516-46741841,87,87,APOE 24,19,45412079,TT/CC,CT/CT,APOE Îµ2/Îµ4,0.027,2.49,9.8e-32,Reiman,NA,TT/CC,CT/CT,NA,NA,NA,NA,0.027,NA,NA,NA,NA,NA,NA,NA,NA,NA,NA,NA,NA,NA,NA,NA,NA,NA,NA,NA,NA,NA,NA,NA,NA,NA,NA
chr19:44851516-46741841,87,87,APOE 34,19,45412079,TT/CC,CT/CC,APOE Îµ3/Îµ4,0.247,3.78,1e-300,Reiman,NA,TT/CC,CT/CC,NA,NA,NA,NA,0.247,NA,NA,NA,NA,NA,NA,NA,NA,NA,NA,NA,NA,NA,NA,NA,NA,NA,NA,NA,NA,NA,NA,NA,NA,NA,NA
chr19:44851516-46741841,87,87,APOE 44,19,45412079,TT/CC,CC/CC,APOE Îµ4/Îµ4,0.028,12.28,1e-300,Reiman,NA,TT/CC,CC/CC,NA,NA,NA,NA,0.028,NA,NA,NA,NA,NA,NA,NA,NA,NA,NA,NA,NA,NA,NA,NA,NA,NA,NA,NA,NA,NA,NA,NA,NA,NA,NA
